CREATE TABLE IF NOT EXISTS "auth_group" ("id" integer NOT NULL PRIMARY KEY AUTOINCREMENT, "name" varchar(150) NOT NULL UNIQUE);
CREATE UNIQUE INDEX "auth_group_permissions_group_id_permission_id_0cd325b0_uniq" ON "auth_group_permissions" ("group_id", "permission_id");
CREATE INDEX IF NOT EXISTS "auth_group_permissions_group_id_b120cbf9" ON "auth_group_permissions" ("group_id");
CREATE INDEX IF NOT EXISTS "auth_group_permissions_permission_id_84c5c92e" ON "auth_group_permissions" ("permission_id");
CREATE UNIQUE INDEX "auth_permission_content_type_id_codename_01ab375a_uniq" ON "auth_permission" ("content_type_id", "codename");
CREATE INDEX IF NOT EXISTS "auth_permission_content_type_id_2f476e4b" ON "auth_permission" ("content_type_id");
CREATE UNIQUE INDEX "auth_user_groups_user_id_group_id_94350c0c_uniq" ON "auth_user_groups" ("user_id", "group_id");
CREATE INDEX IF NOT EXISTS "auth_user_groups_user_id_6a12ed8b" ON "auth_user_groups" ("user_id");
CREATE INDEX IF NOT EXISTS "auth_user_groups_group_id_97559544" ON "auth_user_groups" ("group_id");
CREATE UNIQUE INDEX "auth_user_user_permissions_user_id_permission_id_14a6b632_uniq" ON "auth_user_user_permissions" ("user_id", "permission_id");
CREATE INDEX IF NOT EXISTS "auth_user_user_permissions_user_id_a95ead1b" ON "auth_user_user_permissions" ("user_id");
CREATE INDEX IF NOT EXISTS "auth_user_user_permissions_permission_id_1fbb5f2c" ON "auth_user_user_permissions" ("permission_id");
CREATE INDEX IF NOT EXISTS "django_admin_log_content_type_id_c4bce8eb" ON "django_admin_log" ("content_type_id");
CREATE INDEX IF NOT EXISTS "django_admin_log_user_id_c564eba6" ON "django_admin_log" ("user_id");
CREATE UNIQUE INDEX "django_content_type_app_label_model_76bd3d3b_uniq" ON "django_content_type" ("app_label", "model");
CREATE INDEX IF NOT EXISTS "django_session_expire_date_a5c62663" ON "django_session" ("expire_date");
CREATE INDEX IF NOT EXISTS "login_history_loginhistory_user_id_195fb57c" ON "login_history_loginhistory" ("user_id");
CREATE INDEX IF NOT EXISTS "django_apscheduler_djangojob_next_run_time_2f022619" ON "django_apscheduler_djangojob" ("next_run_time");
CREATE INDEX IF NOT EXISTS "django_apscheduler_djangojobexecution_run_time_16edd96b" ON "django_apscheduler_djangojobexecution" ("run_time");
CREATE INDEX IF NOT EXISTS "django_apscheduler_djangojobexecution_job_id_daf5090a" ON "django_apscheduler_djangojobexecution" ("job_id");
CREATE TABLE IF NOT EXISTS "auth_group_permissions" ("id" integer NOT NULL PRIMARY KEY AUTOINCREMENT, "group_id" integer NOT NULL REFERENCES "auth_group" ("id") DEFERRABLE INITIALLY DEFERRED, "permission_id" integer NOT NULL REFERENCES "auth_permission" ("id") DEFERRABLE INITIALLY DEFERRED);
CREATE UNIQUE INDEX "auth_group_permissions_group_id_permission_id_0cd325b0_uniq" ON "auth_group_permissions" ("group_id", "permission_id");
CREATE INDEX IF NOT EXISTS "auth_group_permissions_group_id_b120cbf9" ON "auth_group_permissions" ("group_id");
CREATE INDEX IF NOT EXISTS "auth_group_permissions_permission_id_84c5c92e" ON "auth_group_permissions" ("permission_id");
CREATE UNIQUE INDEX "auth_permission_content_type_id_codename_01ab375a_uniq" ON "auth_permission" ("content_type_id", "codename");
CREATE INDEX IF NOT EXISTS "auth_permission_content_type_id_2f476e4b" ON "auth_permission" ("content_type_id");
CREATE UNIQUE INDEX "auth_user_groups_user_id_group_id_94350c0c_uniq" ON "auth_user_groups" ("user_id", "group_id");
CREATE INDEX IF NOT EXISTS "auth_user_groups_user_id_6a12ed8b" ON "auth_user_groups" ("user_id");
CREATE INDEX IF NOT EXISTS "auth_user_groups_group_id_97559544" ON "auth_user_groups" ("group_id");
CREATE UNIQUE INDEX "auth_user_user_permissions_user_id_permission_id_14a6b632_uniq" ON "auth_user_user_permissions" ("user_id", "permission_id");
CREATE INDEX IF NOT EXISTS "auth_user_user_permissions_user_id_a95ead1b" ON "auth_user_user_permissions" ("user_id");
CREATE INDEX IF NOT EXISTS "auth_user_user_permissions_permission_id_1fbb5f2c" ON "auth_user_user_permissions" ("permission_id");
CREATE INDEX IF NOT EXISTS "django_admin_log_content_type_id_c4bce8eb" ON "django_admin_log" ("content_type_id");
CREATE INDEX IF NOT EXISTS "django_admin_log_user_id_c564eba6" ON "django_admin_log" ("user_id");
CREATE UNIQUE INDEX "django_content_type_app_label_model_76bd3d3b_uniq" ON "django_content_type" ("app_label", "model");
CREATE INDEX IF NOT EXISTS "django_session_expire_date_a5c62663" ON "django_session" ("expire_date");
CREATE INDEX IF NOT EXISTS "login_history_loginhistory_user_id_195fb57c" ON "login_history_loginhistory" ("user_id");
CREATE INDEX IF NOT EXISTS "django_apscheduler_djangojob_next_run_time_2f022619" ON "django_apscheduler_djangojob" ("next_run_time");
CREATE INDEX IF NOT EXISTS "django_apscheduler_djangojobexecution_run_time_16edd96b" ON "django_apscheduler_djangojobexecution" ("run_time");
CREATE INDEX IF NOT EXISTS "django_apscheduler_djangojobexecution_job_id_daf5090a" ON "django_apscheduler_djangojobexecution" ("job_id");
CREATE TABLE IF NOT EXISTS "auth_permission" ("id" integer NOT NULL PRIMARY KEY AUTOINCREMENT, "content_type_id" integer NOT NULL REFERENCES "django_content_type" ("id") DEFERRABLE INITIALLY DEFERRED, "codename" varchar(100) NOT NULL, "name" varchar(255) NOT NULL);
INSERT INTO "auth_permission" VALUES(1,1,'add_logentry','Can add log entry');
INSERT INTO "auth_permission" VALUES(2,1,'change_logentry','Can change log entry');
INSERT INTO "auth_permission" VALUES(3,1,'delete_logentry','Can delete log entry');
INSERT INTO "auth_permission" VALUES(4,1,'view_logentry','Can view log entry');
INSERT INTO "auth_permission" VALUES(5,2,'add_permission','Can add permission');
INSERT INTO "auth_permission" VALUES(6,2,'change_permission','Can change permission');
INSERT INTO "auth_permission" VALUES(7,2,'delete_permission','Can delete permission');
INSERT INTO "auth_permission" VALUES(8,2,'view_permission','Can view permission');
INSERT INTO "auth_permission" VALUES(9,3,'add_group','Can add group');
INSERT INTO "auth_permission" VALUES(10,3,'change_group','Can change group');
INSERT INTO "auth_permission" VALUES(11,3,'delete_group','Can delete group');
INSERT INTO "auth_permission" VALUES(12,3,'view_group','Can view group');
INSERT INTO "auth_permission" VALUES(13,4,'add_user','Can add user');
INSERT INTO "auth_permission" VALUES(14,4,'change_user','Can change user');
INSERT INTO "auth_permission" VALUES(15,4,'delete_user','Can delete user');
INSERT INTO "auth_permission" VALUES(16,4,'view_user','Can view user');
INSERT INTO "auth_permission" VALUES(17,5,'add_contenttype','Can add content type');
INSERT INTO "auth_permission" VALUES(18,5,'change_contenttype','Can change content type');
INSERT INTO "auth_permission" VALUES(19,5,'delete_contenttype','Can delete content type');
INSERT INTO "auth_permission" VALUES(20,5,'view_contenttype','Can view content type');
INSERT INTO "auth_permission" VALUES(21,6,'add_session','Can add session');
INSERT INTO "auth_permission" VALUES(22,6,'change_session','Can change session');
INSERT INTO "auth_permission" VALUES(23,6,'delete_session','Can delete session');
INSERT INTO "auth_permission" VALUES(24,6,'view_session','Can view session');
INSERT INTO "auth_permission" VALUES(25,32,'add_patient','Can add patient');
INSERT INTO "auth_permission" VALUES(26,32,'change_patient','Can change patient');
INSERT INTO "auth_permission" VALUES(27,32,'delete_patient','Can delete patient');
INSERT INTO "auth_permission" VALUES(28,32,'view_patient','Can view patient');
INSERT INTO "auth_permission" VALUES(29,41,'add_labthumor1','Can add lab thumor1');
INSERT INTO "auth_permission" VALUES(30,41,'change_labthumor1','Can change lab thumor1');
INSERT INTO "auth_permission" VALUES(31,41,'delete_labthumor1','Can delete lab thumor1');
INSERT INTO "auth_permission" VALUES(32,41,'view_labthumor1','Can view lab thumor1');
INSERT INTO "auth_permission" VALUES(33,31,'add_labdata','Can add lab data');
INSERT INTO "auth_permission" VALUES(34,31,'change_labdata','Can change lab data');
INSERT INTO "auth_permission" VALUES(35,31,'delete_labdata','Can delete lab data');
INSERT INTO "auth_permission" VALUES(36,31,'view_labdata','Can view lab data');
INSERT INTO "auth_permission" VALUES(37,35,'add_patientdetail','Can add patient detail');
INSERT INTO "auth_permission" VALUES(38,35,'change_patientdetail','Can change patient detail');
INSERT INTO "auth_permission" VALUES(39,35,'delete_patientdetail','Can delete patient detail');
INSERT INTO "auth_permission" VALUES(40,35,'view_patientdetail','Can view patient detail');
INSERT INTO "auth_permission" VALUES(41,9,'add_loginhistory','Can add Login History');
INSERT INTO "auth_permission" VALUES(42,9,'change_loginhistory','Can change Login History');
INSERT INTO "auth_permission" VALUES(43,9,'delete_loginhistory','Can delete Login History');
INSERT INTO "auth_permission" VALUES(44,9,'view_loginhistory','Can view Login History');
INSERT INTO "auth_permission" VALUES(45,42,'add_djangojob','Can add django job');
INSERT INTO "auth_permission" VALUES(46,42,'change_djangojob','Can change django job');
INSERT INTO "auth_permission" VALUES(47,42,'delete_djangojob','Can delete django job');
INSERT INTO "auth_permission" VALUES(48,42,'view_djangojob','Can view django job');
INSERT INTO "auth_permission" VALUES(49,43,'add_djangojobexecution','Can add django job execution');
INSERT INTO "auth_permission" VALUES(50,43,'change_djangojobexecution','Can change django job execution');
INSERT INTO "auth_permission" VALUES(51,43,'delete_djangojobexecution','Can delete django job execution');
INSERT INTO "auth_permission" VALUES(52,43,'view_djangojobexecution','Can view django job execution');
CREATE UNIQUE INDEX "auth_group_permissions_group_id_permission_id_0cd325b0_uniq" ON "auth_group_permissions" ("group_id", "permission_id");
CREATE INDEX IF NOT EXISTS "auth_group_permissions_group_id_b120cbf9" ON "auth_group_permissions" ("group_id");
CREATE INDEX IF NOT EXISTS "auth_group_permissions_permission_id_84c5c92e" ON "auth_group_permissions" ("permission_id");
CREATE UNIQUE INDEX "auth_permission_content_type_id_codename_01ab375a_uniq" ON "auth_permission" ("content_type_id", "codename");
CREATE INDEX IF NOT EXISTS "auth_permission_content_type_id_2f476e4b" ON "auth_permission" ("content_type_id");
CREATE UNIQUE INDEX "auth_user_groups_user_id_group_id_94350c0c_uniq" ON "auth_user_groups" ("user_id", "group_id");
CREATE INDEX IF NOT EXISTS "auth_user_groups_user_id_6a12ed8b" ON "auth_user_groups" ("user_id");
CREATE INDEX IF NOT EXISTS "auth_user_groups_group_id_97559544" ON "auth_user_groups" ("group_id");
CREATE UNIQUE INDEX "auth_user_user_permissions_user_id_permission_id_14a6b632_uniq" ON "auth_user_user_permissions" ("user_id", "permission_id");
CREATE INDEX IF NOT EXISTS "auth_user_user_permissions_user_id_a95ead1b" ON "auth_user_user_permissions" ("user_id");
CREATE INDEX IF NOT EXISTS "auth_user_user_permissions_permission_id_1fbb5f2c" ON "auth_user_user_permissions" ("permission_id");
CREATE INDEX IF NOT EXISTS "django_admin_log_content_type_id_c4bce8eb" ON "django_admin_log" ("content_type_id");
CREATE INDEX IF NOT EXISTS "django_admin_log_user_id_c564eba6" ON "django_admin_log" ("user_id");
CREATE UNIQUE INDEX "django_content_type_app_label_model_76bd3d3b_uniq" ON "django_content_type" ("app_label", "model");
CREATE INDEX IF NOT EXISTS "django_session_expire_date_a5c62663" ON "django_session" ("expire_date");
CREATE INDEX IF NOT EXISTS "login_history_loginhistory_user_id_195fb57c" ON "login_history_loginhistory" ("user_id");
CREATE INDEX IF NOT EXISTS "django_apscheduler_djangojob_next_run_time_2f022619" ON "django_apscheduler_djangojob" ("next_run_time");
CREATE INDEX IF NOT EXISTS "django_apscheduler_djangojobexecution_run_time_16edd96b" ON "django_apscheduler_djangojobexecution" ("run_time");
CREATE INDEX IF NOT EXISTS "django_apscheduler_djangojobexecution_job_id_daf5090a" ON "django_apscheduler_djangojobexecution" ("job_id");
CREATE TABLE IF NOT EXISTS "auth_user" ("id" integer NOT NULL PRIMARY KEY AUTOINCREMENT, "password" varchar(128) NOT NULL, "last_login" datetime NULL, "is_superuser" bool NOT NULL, "username" varchar(150) NOT NULL UNIQUE, "last_name" varchar(150) NOT NULL, "email" varchar(254) NOT NULL, "is_staff" bool NOT NULL, "is_active" bool NOT NULL, "date_joined" datetime NOT NULL, "first_name" varchar(150) NOT NULL);
INSERT INTO "auth_user" VALUES(1,'pbkdf2_sha256$870000$c0PDdUlL5jkOD5FSTTiwcx$RhrZjKDhsNkY39CdoE1o6g6V5FAqFa4n3UkgpkfUhbU=','2024-09-30 16:38:30.784832',1,'admin-mateusz','','',1,1,'2024-08-22 15:35:52.997187','');
INSERT INTO "auth_user" VALUES(2,'pbkdf2_sha256$870000$sDRn6evLyv4IOB3GIPYz7O$FHYqd+pVL/qqZlarSFGmadW+iTP84dBJziO/34Bc6Sw=','2024-09-20 15:51:00.562893',0,'lekarz','','',0,1,'2024-08-22 17:01:29','');
INSERT INTO "auth_user" VALUES(4,'pbkdf2_sha256$870000$qZukpu0bpP2TOrX6lv6bvr$lRO5HcybnXp5zv4vfwziaVTT5H5occAT6EwndqqqjvM=','2024-09-20 18:10:13.325943',0,'office','-','office@email.com',0,1,'2024-09-20 15:48:08.237936','-');
CREATE UNIQUE INDEX "auth_group_permissions_group_id_permission_id_0cd325b0_uniq" ON "auth_group_permissions" ("group_id", "permission_id");
CREATE INDEX IF NOT EXISTS "auth_group_permissions_group_id_b120cbf9" ON "auth_group_permissions" ("group_id");
CREATE INDEX IF NOT EXISTS "auth_group_permissions_permission_id_84c5c92e" ON "auth_group_permissions" ("permission_id");
CREATE UNIQUE INDEX "auth_permission_content_type_id_codename_01ab375a_uniq" ON "auth_permission" ("content_type_id", "codename");
CREATE INDEX IF NOT EXISTS "auth_permission_content_type_id_2f476e4b" ON "auth_permission" ("content_type_id");
CREATE UNIQUE INDEX "auth_user_groups_user_id_group_id_94350c0c_uniq" ON "auth_user_groups" ("user_id", "group_id");
CREATE INDEX IF NOT EXISTS "auth_user_groups_user_id_6a12ed8b" ON "auth_user_groups" ("user_id");
CREATE INDEX IF NOT EXISTS "auth_user_groups_group_id_97559544" ON "auth_user_groups" ("group_id");
CREATE UNIQUE INDEX "auth_user_user_permissions_user_id_permission_id_14a6b632_uniq" ON "auth_user_user_permissions" ("user_id", "permission_id");
CREATE INDEX IF NOT EXISTS "auth_user_user_permissions_user_id_a95ead1b" ON "auth_user_user_permissions" ("user_id");
CREATE INDEX IF NOT EXISTS "auth_user_user_permissions_permission_id_1fbb5f2c" ON "auth_user_user_permissions" ("permission_id");
CREATE INDEX IF NOT EXISTS "django_admin_log_content_type_id_c4bce8eb" ON "django_admin_log" ("content_type_id");
CREATE INDEX IF NOT EXISTS "django_admin_log_user_id_c564eba6" ON "django_admin_log" ("user_id");
CREATE UNIQUE INDEX "django_content_type_app_label_model_76bd3d3b_uniq" ON "django_content_type" ("app_label", "model");
CREATE INDEX IF NOT EXISTS "django_session_expire_date_a5c62663" ON "django_session" ("expire_date");
CREATE INDEX IF NOT EXISTS "login_history_loginhistory_user_id_195fb57c" ON "login_history_loginhistory" ("user_id");
CREATE INDEX IF NOT EXISTS "django_apscheduler_djangojob_next_run_time_2f022619" ON "django_apscheduler_djangojob" ("next_run_time");
CREATE INDEX IF NOT EXISTS "django_apscheduler_djangojobexecution_run_time_16edd96b" ON "django_apscheduler_djangojobexecution" ("run_time");
CREATE INDEX IF NOT EXISTS "django_apscheduler_djangojobexecution_job_id_daf5090a" ON "django_apscheduler_djangojobexecution" ("job_id");
CREATE TABLE IF NOT EXISTS "auth_user_groups" ("id" integer NOT NULL PRIMARY KEY AUTOINCREMENT, "user_id" integer NOT NULL REFERENCES "auth_user" ("id") DEFERRABLE INITIALLY DEFERRED, "group_id" integer NOT NULL REFERENCES "auth_group" ("id") DEFERRABLE INITIALLY DEFERRED);
CREATE UNIQUE INDEX "auth_group_permissions_group_id_permission_id_0cd325b0_uniq" ON "auth_group_permissions" ("group_id", "permission_id");
CREATE INDEX IF NOT EXISTS "auth_group_permissions_group_id_b120cbf9" ON "auth_group_permissions" ("group_id");
CREATE INDEX IF NOT EXISTS "auth_group_permissions_permission_id_84c5c92e" ON "auth_group_permissions" ("permission_id");
CREATE UNIQUE INDEX "auth_permission_content_type_id_codename_01ab375a_uniq" ON "auth_permission" ("content_type_id", "codename");
CREATE INDEX IF NOT EXISTS "auth_permission_content_type_id_2f476e4b" ON "auth_permission" ("content_type_id");
CREATE UNIQUE INDEX "auth_user_groups_user_id_group_id_94350c0c_uniq" ON "auth_user_groups" ("user_id", "group_id");
CREATE INDEX IF NOT EXISTS "auth_user_groups_user_id_6a12ed8b" ON "auth_user_groups" ("user_id");
CREATE INDEX IF NOT EXISTS "auth_user_groups_group_id_97559544" ON "auth_user_groups" ("group_id");
CREATE UNIQUE INDEX "auth_user_user_permissions_user_id_permission_id_14a6b632_uniq" ON "auth_user_user_permissions" ("user_id", "permission_id");
CREATE INDEX IF NOT EXISTS "auth_user_user_permissions_user_id_a95ead1b" ON "auth_user_user_permissions" ("user_id");
CREATE INDEX IF NOT EXISTS "auth_user_user_permissions_permission_id_1fbb5f2c" ON "auth_user_user_permissions" ("permission_id");
CREATE INDEX IF NOT EXISTS "django_admin_log_content_type_id_c4bce8eb" ON "django_admin_log" ("content_type_id");
CREATE INDEX IF NOT EXISTS "django_admin_log_user_id_c564eba6" ON "django_admin_log" ("user_id");
CREATE UNIQUE INDEX "django_content_type_app_label_model_76bd3d3b_uniq" ON "django_content_type" ("app_label", "model");
CREATE INDEX IF NOT EXISTS "django_session_expire_date_a5c62663" ON "django_session" ("expire_date");
CREATE INDEX IF NOT EXISTS "login_history_loginhistory_user_id_195fb57c" ON "login_history_loginhistory" ("user_id");
CREATE INDEX IF NOT EXISTS "django_apscheduler_djangojob_next_run_time_2f022619" ON "django_apscheduler_djangojob" ("next_run_time");
CREATE INDEX IF NOT EXISTS "django_apscheduler_djangojobexecution_run_time_16edd96b" ON "django_apscheduler_djangojobexecution" ("run_time");
CREATE INDEX IF NOT EXISTS "django_apscheduler_djangojobexecution_job_id_daf5090a" ON "django_apscheduler_djangojobexecution" ("job_id");
CREATE TABLE IF NOT EXISTS "auth_user_user_permissions" ("id" integer NOT NULL PRIMARY KEY AUTOINCREMENT, "user_id" integer NOT NULL REFERENCES "auth_user" ("id") DEFERRABLE INITIALLY DEFERRED, "permission_id" integer NOT NULL REFERENCES "auth_permission" ("id") DEFERRABLE INITIALLY DEFERRED);
CREATE UNIQUE INDEX "auth_group_permissions_group_id_permission_id_0cd325b0_uniq" ON "auth_group_permissions" ("group_id", "permission_id");
CREATE INDEX IF NOT EXISTS "auth_group_permissions_group_id_b120cbf9" ON "auth_group_permissions" ("group_id");
CREATE INDEX IF NOT EXISTS "auth_group_permissions_permission_id_84c5c92e" ON "auth_group_permissions" ("permission_id");
CREATE UNIQUE INDEX "auth_permission_content_type_id_codename_01ab375a_uniq" ON "auth_permission" ("content_type_id", "codename");
CREATE INDEX IF NOT EXISTS "auth_permission_content_type_id_2f476e4b" ON "auth_permission" ("content_type_id");
CREATE UNIQUE INDEX "auth_user_groups_user_id_group_id_94350c0c_uniq" ON "auth_user_groups" ("user_id", "group_id");
CREATE INDEX IF NOT EXISTS "auth_user_groups_user_id_6a12ed8b" ON "auth_user_groups" ("user_id");
CREATE INDEX IF NOT EXISTS "auth_user_groups_group_id_97559544" ON "auth_user_groups" ("group_id");
CREATE UNIQUE INDEX "auth_user_user_permissions_user_id_permission_id_14a6b632_uniq" ON "auth_user_user_permissions" ("user_id", "permission_id");
CREATE INDEX IF NOT EXISTS "auth_user_user_permissions_user_id_a95ead1b" ON "auth_user_user_permissions" ("user_id");
CREATE INDEX IF NOT EXISTS "auth_user_user_permissions_permission_id_1fbb5f2c" ON "auth_user_user_permissions" ("permission_id");
CREATE INDEX IF NOT EXISTS "django_admin_log_content_type_id_c4bce8eb" ON "django_admin_log" ("content_type_id");
CREATE INDEX IF NOT EXISTS "django_admin_log_user_id_c564eba6" ON "django_admin_log" ("user_id");
CREATE UNIQUE INDEX "django_content_type_app_label_model_76bd3d3b_uniq" ON "django_content_type" ("app_label", "model");
CREATE INDEX IF NOT EXISTS "django_session_expire_date_a5c62663" ON "django_session" ("expire_date");
CREATE INDEX IF NOT EXISTS "login_history_loginhistory_user_id_195fb57c" ON "login_history_loginhistory" ("user_id");
CREATE INDEX IF NOT EXISTS "django_apscheduler_djangojob_next_run_time_2f022619" ON "django_apscheduler_djangojob" ("next_run_time");
CREATE INDEX IF NOT EXISTS "django_apscheduler_djangojobexecution_run_time_16edd96b" ON "django_apscheduler_djangojobexecution" ("run_time");
CREATE INDEX IF NOT EXISTS "django_apscheduler_djangojobexecution_job_id_daf5090a" ON "django_apscheduler_djangojobexecution" ("job_id");
CREATE TABLE IF NOT EXISTS "django_admin_log" ("id" integer NOT NULL PRIMARY KEY AUTOINCREMENT, "object_id" text NULL, "object_repr" varchar(200) NOT NULL, "action_flag" smallint unsigned NOT NULL CHECK ("action_flag" >= 0), "change_message" text NOT NULL, "content_type_id" integer NULL REFERENCES "django_content_type" ("id") DEFERRABLE INITIALLY DEFERRED, "user_id" integer NOT NULL REFERENCES "auth_user" ("id") DEFERRABLE INITIALLY DEFERRED, "action_time" datetime NOT NULL);
CREATE UNIQUE INDEX "auth_group_permissions_group_id_permission_id_0cd325b0_uniq" ON "auth_group_permissions" ("group_id", "permission_id");
CREATE INDEX IF NOT EXISTS "auth_group_permissions_group_id_b120cbf9" ON "auth_group_permissions" ("group_id");
CREATE INDEX IF NOT EXISTS "auth_group_permissions_permission_id_84c5c92e" ON "auth_group_permissions" ("permission_id");
CREATE UNIQUE INDEX "auth_permission_content_type_id_codename_01ab375a_uniq" ON "auth_permission" ("content_type_id", "codename");
CREATE INDEX IF NOT EXISTS "auth_permission_content_type_id_2f476e4b" ON "auth_permission" ("content_type_id");
CREATE UNIQUE INDEX "auth_user_groups_user_id_group_id_94350c0c_uniq" ON "auth_user_groups" ("user_id", "group_id");
CREATE INDEX IF NOT EXISTS "auth_user_groups_user_id_6a12ed8b" ON "auth_user_groups" ("user_id");
CREATE INDEX IF NOT EXISTS "auth_user_groups_group_id_97559544" ON "auth_user_groups" ("group_id");
CREATE UNIQUE INDEX "auth_user_user_permissions_user_id_permission_id_14a6b632_uniq" ON "auth_user_user_permissions" ("user_id", "permission_id");
CREATE INDEX IF NOT EXISTS "auth_user_user_permissions_user_id_a95ead1b" ON "auth_user_user_permissions" ("user_id");
CREATE INDEX IF NOT EXISTS "auth_user_user_permissions_permission_id_1fbb5f2c" ON "auth_user_user_permissions" ("permission_id");
CREATE INDEX IF NOT EXISTS "django_admin_log_content_type_id_c4bce8eb" ON "django_admin_log" ("content_type_id");
CREATE INDEX IF NOT EXISTS "django_admin_log_user_id_c564eba6" ON "django_admin_log" ("user_id");
CREATE UNIQUE INDEX "django_content_type_app_label_model_76bd3d3b_uniq" ON "django_content_type" ("app_label", "model");
CREATE INDEX IF NOT EXISTS "django_session_expire_date_a5c62663" ON "django_session" ("expire_date");
CREATE INDEX IF NOT EXISTS "login_history_loginhistory_user_id_195fb57c" ON "login_history_loginhistory" ("user_id");
CREATE INDEX IF NOT EXISTS "django_apscheduler_djangojob_next_run_time_2f022619" ON "django_apscheduler_djangojob" ("next_run_time");
CREATE INDEX IF NOT EXISTS "django_apscheduler_djangojobexecution_run_time_16edd96b" ON "django_apscheduler_djangojobexecution" ("run_time");
CREATE INDEX IF NOT EXISTS "django_apscheduler_djangojobexecution_job_id_daf5090a" ON "django_apscheduler_djangojobexecution" ("job_id");
CREATE TABLE IF NOT EXISTS "django_apscheduler_djangojob" ("id" varchar(255) NOT NULL PRIMARY KEY, "next_run_time" datetime NULL, "job_state" BLOB NOT NULL);
CREATE UNIQUE INDEX "auth_group_permissions_group_id_permission_id_0cd325b0_uniq" ON "auth_group_permissions" ("group_id", "permission_id");
CREATE INDEX IF NOT EXISTS "auth_group_permissions_group_id_b120cbf9" ON "auth_group_permissions" ("group_id");
CREATE INDEX IF NOT EXISTS "auth_group_permissions_permission_id_84c5c92e" ON "auth_group_permissions" ("permission_id");
CREATE UNIQUE INDEX "auth_permission_content_type_id_codename_01ab375a_uniq" ON "auth_permission" ("content_type_id", "codename");
CREATE INDEX IF NOT EXISTS "auth_permission_content_type_id_2f476e4b" ON "auth_permission" ("content_type_id");
CREATE UNIQUE INDEX "auth_user_groups_user_id_group_id_94350c0c_uniq" ON "auth_user_groups" ("user_id", "group_id");
CREATE INDEX IF NOT EXISTS "auth_user_groups_user_id_6a12ed8b" ON "auth_user_groups" ("user_id");
CREATE INDEX IF NOT EXISTS "auth_user_groups_group_id_97559544" ON "auth_user_groups" ("group_id");
CREATE UNIQUE INDEX "auth_user_user_permissions_user_id_permission_id_14a6b632_uniq" ON "auth_user_user_permissions" ("user_id", "permission_id");
CREATE INDEX IF NOT EXISTS "auth_user_user_permissions_user_id_a95ead1b" ON "auth_user_user_permissions" ("user_id");
CREATE INDEX IF NOT EXISTS "auth_user_user_permissions_permission_id_1fbb5f2c" ON "auth_user_user_permissions" ("permission_id");
CREATE INDEX IF NOT EXISTS "django_admin_log_content_type_id_c4bce8eb" ON "django_admin_log" ("content_type_id");
CREATE INDEX IF NOT EXISTS "django_admin_log_user_id_c564eba6" ON "django_admin_log" ("user_id");
CREATE UNIQUE INDEX "django_content_type_app_label_model_76bd3d3b_uniq" ON "django_content_type" ("app_label", "model");
CREATE INDEX IF NOT EXISTS "django_session_expire_date_a5c62663" ON "django_session" ("expire_date");
CREATE INDEX IF NOT EXISTS "login_history_loginhistory_user_id_195fb57c" ON "login_history_loginhistory" ("user_id");
CREATE INDEX IF NOT EXISTS "django_apscheduler_djangojob_next_run_time_2f022619" ON "django_apscheduler_djangojob" ("next_run_time");
CREATE INDEX IF NOT EXISTS "django_apscheduler_djangojobexecution_run_time_16edd96b" ON "django_apscheduler_djangojobexecution" ("run_time");
CREATE INDEX IF NOT EXISTS "django_apscheduler_djangojobexecution_job_id_daf5090a" ON "django_apscheduler_djangojobexecution" ("job_id");
CREATE TABLE IF NOT EXISTS "django_apscheduler_djangojobexecution" ("id" integer NOT NULL PRIMARY KEY AUTOINCREMENT, "status" varchar(50) NOT NULL, "run_time" datetime NOT NULL, "duration" decimal NULL, "finished" decimal NULL, "exception" varchar(1000) NULL, "traceback" text NULL, "job_id" varchar(255) NOT NULL REFERENCES "django_apscheduler_djangojob" ("id") DEFERRABLE INITIALLY DEFERRED, CONSTRAINT "unique_job_executions" UNIQUE ("job_id", "run_time"));
CREATE UNIQUE INDEX "auth_group_permissions_group_id_permission_id_0cd325b0_uniq" ON "auth_group_permissions" ("group_id", "permission_id");
CREATE INDEX IF NOT EXISTS "auth_group_permissions_group_id_b120cbf9" ON "auth_group_permissions" ("group_id");
CREATE INDEX IF NOT EXISTS "auth_group_permissions_permission_id_84c5c92e" ON "auth_group_permissions" ("permission_id");
CREATE UNIQUE INDEX "auth_permission_content_type_id_codename_01ab375a_uniq" ON "auth_permission" ("content_type_id", "codename");
CREATE INDEX IF NOT EXISTS "auth_permission_content_type_id_2f476e4b" ON "auth_permission" ("content_type_id");
CREATE UNIQUE INDEX "auth_user_groups_user_id_group_id_94350c0c_uniq" ON "auth_user_groups" ("user_id", "group_id");
CREATE INDEX IF NOT EXISTS "auth_user_groups_user_id_6a12ed8b" ON "auth_user_groups" ("user_id");
CREATE INDEX IF NOT EXISTS "auth_user_groups_group_id_97559544" ON "auth_user_groups" ("group_id");
CREATE UNIQUE INDEX "auth_user_user_permissions_user_id_permission_id_14a6b632_uniq" ON "auth_user_user_permissions" ("user_id", "permission_id");
CREATE INDEX IF NOT EXISTS "auth_user_user_permissions_user_id_a95ead1b" ON "auth_user_user_permissions" ("user_id");
CREATE INDEX IF NOT EXISTS "auth_user_user_permissions_permission_id_1fbb5f2c" ON "auth_user_user_permissions" ("permission_id");
CREATE INDEX IF NOT EXISTS "django_admin_log_content_type_id_c4bce8eb" ON "django_admin_log" ("content_type_id");
CREATE INDEX IF NOT EXISTS "django_admin_log_user_id_c564eba6" ON "django_admin_log" ("user_id");
CREATE UNIQUE INDEX "django_content_type_app_label_model_76bd3d3b_uniq" ON "django_content_type" ("app_label", "model");
CREATE INDEX IF NOT EXISTS "django_session_expire_date_a5c62663" ON "django_session" ("expire_date");
CREATE INDEX IF NOT EXISTS "login_history_loginhistory_user_id_195fb57c" ON "login_history_loginhistory" ("user_id");
CREATE INDEX IF NOT EXISTS "django_apscheduler_djangojob_next_run_time_2f022619" ON "django_apscheduler_djangojob" ("next_run_time");
CREATE INDEX IF NOT EXISTS "django_apscheduler_djangojobexecution_run_time_16edd96b" ON "django_apscheduler_djangojobexecution" ("run_time");
CREATE INDEX IF NOT EXISTS "django_apscheduler_djangojobexecution_job_id_daf5090a" ON "django_apscheduler_djangojobexecution" ("job_id");
CREATE TABLE IF NOT EXISTS "django_content_type" ("id" integer NOT NULL PRIMARY KEY AUTOINCREMENT, "app_label" varchar(100) NOT NULL, "model" varchar(100) NOT NULL);
INSERT INTO "django_content_type" VALUES(1,'admin','logentry');
INSERT INTO "django_content_type" VALUES(2,'auth','permission');
INSERT INTO "django_content_type" VALUES(3,'auth','group');
INSERT INTO "django_content_type" VALUES(4,'auth','user');
INSERT INTO "django_content_type" VALUES(5,'contenttypes','contenttype');
INSERT INTO "django_content_type" VALUES(6,'sessions','session');
INSERT INTO "django_content_type" VALUES(7,'patients','patientbase');
INSERT INTO "django_content_type" VALUES(8,'patients','patientprofile');
INSERT INTO "django_content_type" VALUES(9,'login_history','loginhistory');
INSERT INTO "django_content_type" VALUES(10,'patients','approve');
INSERT INTO "django_content_type" VALUES(11,'patients','car');
INSERT INTO "django_content_type" VALUES(12,'patients','property');
INSERT INTO "django_content_type" VALUES(13,'patients','author');
INSERT INTO "django_content_type" VALUES(14,'patients','book');
INSERT INTO "django_content_type" VALUES(15,'patients','programmer');
INSERT INTO "django_content_type" VALUES(16,'patients','language');
INSERT INTO "django_content_type" VALUES(17,'patients','patientthumor');
INSERT INTO "django_content_type" VALUES(18,'patients','patientuser');
INSERT INTO "django_content_type" VALUES(19,'patients','patientlab');
INSERT INTO "django_content_type" VALUES(20,'addvalue','car');
INSERT INTO "django_content_type" VALUES(21,'addvalue','property');
INSERT INTO "django_content_type" VALUES(22,'addvalue','thumor');
INSERT INTO "django_content_type" VALUES(23,'addvalue','patientuser');
INSERT INTO "django_content_type" VALUES(24,'addvalue','patient');
INSERT INTO "django_content_type" VALUES(25,'patients','thumor');
INSERT INTO "django_content_type" VALUES(26,'testing','lab');
INSERT INTO "django_content_type" VALUES(27,'testing','patient');
INSERT INTO "django_content_type" VALUES(28,'testing','labdata');
INSERT INTO "django_content_type" VALUES(29,'testing','labthumor');
INSERT INTO "django_content_type" VALUES(30,'testing','patientdeatil');
INSERT INTO "django_content_type" VALUES(31,'patients','labdata');
INSERT INTO "django_content_type" VALUES(32,'patients','patient');
INSERT INTO "django_content_type" VALUES(33,'patients','labthumor');
INSERT INTO "django_content_type" VALUES(34,'patients','patientdeatil');
INSERT INTO "django_content_type" VALUES(35,'patients','patientdetail');
INSERT INTO "django_content_type" VALUES(36,'patients','client');
INSERT INTO "django_content_type" VALUES(37,'patients','skills');
INSERT INTO "django_content_type" VALUES(38,'patients','school');
INSERT INTO "django_content_type" VALUES(39,'patients','student');
INSERT INTO "django_content_type" VALUES(40,'sites','site');
INSERT INTO "django_content_type" VALUES(41,'patients','labthumor1');
INSERT INTO "django_content_type" VALUES(42,'django_apscheduler','djangojob');
INSERT INTO "django_content_type" VALUES(43,'django_apscheduler','djangojobexecution');
CREATE UNIQUE INDEX "auth_group_permissions_group_id_permission_id_0cd325b0_uniq" ON "auth_group_permissions" ("group_id", "permission_id");
CREATE INDEX IF NOT EXISTS "auth_group_permissions_group_id_b120cbf9" ON "auth_group_permissions" ("group_id");
CREATE INDEX IF NOT EXISTS "auth_group_permissions_permission_id_84c5c92e" ON "auth_group_permissions" ("permission_id");
CREATE UNIQUE INDEX "auth_permission_content_type_id_codename_01ab375a_uniq" ON "auth_permission" ("content_type_id", "codename");
CREATE INDEX IF NOT EXISTS "auth_permission_content_type_id_2f476e4b" ON "auth_permission" ("content_type_id");
CREATE UNIQUE INDEX "auth_user_groups_user_id_group_id_94350c0c_uniq" ON "auth_user_groups" ("user_id", "group_id");
CREATE INDEX IF NOT EXISTS "auth_user_groups_user_id_6a12ed8b" ON "auth_user_groups" ("user_id");
CREATE INDEX IF NOT EXISTS "auth_user_groups_group_id_97559544" ON "auth_user_groups" ("group_id");
CREATE UNIQUE INDEX "auth_user_user_permissions_user_id_permission_id_14a6b632_uniq" ON "auth_user_user_permissions" ("user_id", "permission_id");
CREATE INDEX IF NOT EXISTS "auth_user_user_permissions_user_id_a95ead1b" ON "auth_user_user_permissions" ("user_id");
CREATE INDEX IF NOT EXISTS "auth_user_user_permissions_permission_id_1fbb5f2c" ON "auth_user_user_permissions" ("permission_id");
CREATE INDEX IF NOT EXISTS "django_admin_log_content_type_id_c4bce8eb" ON "django_admin_log" ("content_type_id");
CREATE INDEX IF NOT EXISTS "django_admin_log_user_id_c564eba6" ON "django_admin_log" ("user_id");
CREATE UNIQUE INDEX "django_content_type_app_label_model_76bd3d3b_uniq" ON "django_content_type" ("app_label", "model");
CREATE INDEX IF NOT EXISTS "django_session_expire_date_a5c62663" ON "django_session" ("expire_date");
CREATE INDEX IF NOT EXISTS "login_history_loginhistory_user_id_195fb57c" ON "login_history_loginhistory" ("user_id");
CREATE INDEX IF NOT EXISTS "django_apscheduler_djangojob_next_run_time_2f022619" ON "django_apscheduler_djangojob" ("next_run_time");
CREATE INDEX IF NOT EXISTS "django_apscheduler_djangojobexecution_run_time_16edd96b" ON "django_apscheduler_djangojobexecution" ("run_time");
CREATE INDEX IF NOT EXISTS "django_apscheduler_djangojobexecution_job_id_daf5090a" ON "django_apscheduler_djangojobexecution" ("job_id");
CREATE TABLE IF NOT EXISTS "django_migrations" ("id" integer NOT NULL PRIMARY KEY AUTOINCREMENT, "app" varchar(255) NOT NULL, "name" varchar(255) NOT NULL, "applied" datetime NOT NULL);
INSERT INTO "django_migrations" VALUES(1,'contenttypes','0001_initial','2024-08-22 15:34:17.266133');
INSERT INTO "django_migrations" VALUES(2,'auth','0001_initial','2024-08-22 15:34:17.287036');
INSERT INTO "django_migrations" VALUES(3,'admin','0001_initial','2024-08-22 15:34:17.323066');
INSERT INTO "django_migrations" VALUES(4,'admin','0002_logentry_remove_auto_add','2024-08-22 15:34:17.335650');
INSERT INTO "django_migrations" VALUES(5,'admin','0003_logentry_add_action_flag_choices','2024-08-22 15:34:17.344892');
INSERT INTO "django_migrations" VALUES(6,'contenttypes','0002_remove_content_type_name','2024-08-22 15:34:17.363034');
INSERT INTO "django_migrations" VALUES(7,'auth','0002_alter_permission_name_max_length','2024-08-22 15:34:17.377614');
INSERT INTO "django_migrations" VALUES(8,'auth','0003_alter_user_email_max_length','2024-08-22 15:34:17.398499');
INSERT INTO "django_migrations" VALUES(9,'auth','0004_alter_user_username_opts','2024-08-22 15:34:17.412955');
INSERT INTO "django_migrations" VALUES(10,'auth','0005_alter_user_last_login_null','2024-08-22 15:34:17.433150');
INSERT INTO "django_migrations" VALUES(11,'auth','0006_require_contenttypes_0002','2024-08-22 15:34:17.440114');
INSERT INTO "django_migrations" VALUES(12,'auth','0007_alter_validators_add_error_messages','2024-08-22 15:34:17.452420');
INSERT INTO "django_migrations" VALUES(13,'auth','0008_alter_user_username_max_length','2024-08-22 15:34:17.468897');
INSERT INTO "django_migrations" VALUES(14,'auth','0009_alter_user_last_name_max_length','2024-08-22 15:34:17.482709');
INSERT INTO "django_migrations" VALUES(15,'auth','0010_alter_group_name_max_length','2024-08-22 15:34:17.496021');
INSERT INTO "django_migrations" VALUES(16,'auth','0011_update_proxy_permissions','2024-08-22 15:34:17.507933');
INSERT INTO "django_migrations" VALUES(17,'auth','0012_alter_user_first_name_max_length','2024-08-22 15:34:17.522419');
INSERT INTO "django_migrations" VALUES(18,'login_history','0001_initial','2024-08-22 15:34:17.539654');
INSERT INTO "django_migrations" VALUES(19,'login_history','0002_loginhistory_is_login','2024-08-22 15:34:17.555947');
INSERT INTO "django_migrations" VALUES(20,'login_history','0003_alter_loginhistory_id','2024-08-22 15:34:17.578965');
INSERT INTO "django_migrations" VALUES(21,'login_history','0004_alter_loginhistory_ip','2024-08-22 15:34:17.598125');
INSERT INTO "django_migrations" VALUES(22,'patients','0001_initial','2024-08-22 15:34:17.607880');
INSERT INTO "django_migrations" VALUES(23,'sessions','0001_initial','2024-08-22 15:34:17.622883');
INSERT INTO "django_migrations" VALUES(24,'patients','0002_alter_patientbase_hcc_num','2024-08-22 17:27:52.484378');
INSERT INTO "django_migrations" VALUES(25,'patients','0003_alter_patientprofile_li_rads_hcc','2024-08-22 23:02:53.163155');
INSERT INTO "django_migrations" VALUES(26,'patients','0004_alter_patientprofile_li_rads_hcc','2024-08-22 23:22:04.012970');
INSERT INTO "django_migrations" VALUES(27,'patients','0005_alter_patientprofile_li_rads_hcc','2024-08-22 23:30:20.873352');
INSERT INTO "django_migrations" VALUES(28,'patients','0006_alter_patientprofile_li_rads_hcc','2024-08-22 23:33:14.019461');
INSERT INTO "django_migrations" VALUES(29,'patients','0007_alter_patientprofile_li_rads_hcc','2024-08-27 08:21:10.600194');
INSERT INTO "django_migrations" VALUES(30,'patients','0008_patientbase_approved','2024-08-27 10:48:37.061932');
INSERT INTO "django_migrations" VALUES(31,'patients','0002_remove_patientbase_approved','2024-08-27 11:09:42.689327');
INSERT INTO "django_migrations" VALUES(32,'patients','0003_approve','2024-08-27 11:16:18.235558');
INSERT INTO "django_migrations" VALUES(33,'patients','0004_delete_approve','2024-08-27 11:19:07.449297');
INSERT INTO "django_migrations" VALUES(34,'patients','0005_remove_patientprofile_height_and_more','2024-08-29 09:19:31.619004');
INSERT INTO "django_migrations" VALUES(35,'patients','0006_alter_patientbase_grkrwi_and_more','2024-08-29 10:12:37.043511');
INSERT INTO "django_migrations" VALUES(36,'patients','0002_car_alter_patientbase_grkrwi_property','2024-08-29 16:53:24.515048');
INSERT INTO "django_migrations" VALUES(37,'patients','0003_rename_car_author_book_delete_property','2024-08-29 17:20:41.145481');
INSERT INTO "django_migrations" VALUES(38,'patients','0002_alter_patientbase_name','2024-08-30 17:15:02.143965');
INSERT INTO "django_migrations" VALUES(39,'patients','0003_alter_patientbase_phone','2024-08-30 17:16:42.655935');
INSERT INTO "django_migrations" VALUES(40,'patients','0002_alter_patientbase_kons_date_and_more','2024-08-30 18:49:23.932246');
INSERT INTO "django_migrations" VALUES(41,'patients','0003_alter_patientbase_li_rads_hcc','2024-08-30 18:53:04.408690');
INSERT INTO "django_migrations" VALUES(42,'patients','0002_remove_patientbase_name_remove_patientthumor_name_and_more','2024-08-30 19:23:00.666007');
INSERT INTO "django_migrations" VALUES(43,'patients','0002_remove_patientbase_patient_remove_patientlab_patient','2024-09-05 16:37:28.451015');
INSERT INTO "django_migrations" VALUES(44,'patients','0003_remove_patientuser_kons_date','2024-09-05 16:41:48.544995');
INSERT INTO "django_migrations" VALUES(45,'patients','0004_patientuser_kons_date','2024-09-05 16:44:04.891684');
INSERT INTO "django_migrations" VALUES(46,'patients','0005_patientbase_patient_patientlab_patient','2024-09-05 20:52:36.190581');
INSERT INTO "django_migrations" VALUES(47,'patients','0006_remove_patientlab_patient_patientlab_patient_base','2024-09-09 20:16:23.400624');
INSERT INTO "django_migrations" VALUES(48,'patients','0007_remove_patientlab_patient_base_patientlab_patient','2024-09-09 20:18:47.587531');
INSERT INTO "django_migrations" VALUES(49,'patients','0008_remove_patientbase_patient_remove_patientlab_patient','2024-09-09 20:32:59.676694');
INSERT INTO "django_migrations" VALUES(50,'patients','0009_remove_patientlab_decision_patientbase_patient_and_more','2024-09-09 20:49:17.619120');
INSERT INTO "django_migrations" VALUES(51,'addvalue','0001_initial','2024-09-10 17:38:03.526516');
INSERT INTO "django_migrations" VALUES(52,'addvalue','0002_thumor_remove_property_car_delete_car_and_more','2024-09-10 18:17:58.875184');
INSERT INTO "django_migrations" VALUES(53,'addvalue','0003_remove_thumor_location_remove_thumor_name_and_more','2024-09-10 18:37:05.987293');
INSERT INTO "django_migrations" VALUES(54,'addvalue','0002_thumor_name_alter_patient_hcc_num_and_more','2024-09-10 20:02:01.818325');
INSERT INTO "django_migrations" VALUES(55,'addvalue','0002_remove_thumor_patient','2024-09-10 20:04:59.358031');
INSERT INTO "django_migrations" VALUES(56,'addvalue','0002_remove_thumor_name','2024-09-10 20:44:56.506458');
INSERT INTO "django_migrations" VALUES(57,'addvalue','0003_alter_thumor_top_diameter_and_more','2024-09-10 22:34:30.867514');
INSERT INTO "django_migrations" VALUES(58,'patients','0010_remove_patientlab_patient_and_more','2024-09-10 22:34:30.887110');
INSERT INTO "django_migrations" VALUES(59,'addvalue','0004_patient_thumor_patient','2024-09-11 17:45:55.668765');
INSERT INTO "django_migrations" VALUES(60,'patients','0011_alter_thumor_top_diameter_and_more','2024-09-12 15:10:33.188590');
INSERT INTO "django_migrations" VALUES(61,'testing','0001_initial','2024-09-12 15:10:33.221145');
INSERT INTO "django_migrations" VALUES(62,'testing','0002_rename_patient_deatil_lab_patient_detail','2024-09-12 16:47:00.802401');
INSERT INTO "django_migrations" VALUES(63,'testing','0003_remove_labdata_patient_lab_labdata_lab_date_and_more','2024-09-12 17:05:00.835508');
INSERT INTO "django_migrations" VALUES(64,'patients','0002_patient_decision_patient_hcc_number_patient_pesel_and_more','2024-09-12 18:21:39.625091');
INSERT INTO "django_migrations" VALUES(65,'patients','0002_alter_labthumor_lab_data_alter_patientdetail_patient','2024-09-12 19:49:51.350200');
INSERT INTO "django_migrations" VALUES(66,'patients','0003_remove_labdata_patient_detail_and_more','2024-09-12 20:13:44.643443');
INSERT INTO "django_migrations" VALUES(67,'patients','0002_labdata_patient_detail_labthumor_lab_data','2024-09-13 07:53:50.264159');
INSERT INTO "django_migrations" VALUES(68,'patients','0003_patientdetail_patient','2024-09-13 07:55:27.937797');
INSERT INTO "django_migrations" VALUES(69,'patients','0004_rename_patient_detail_labdata_patient_and_more','2024-09-13 07:59:46.948895');
INSERT INTO "django_migrations" VALUES(70,'patients','0005_remove_labdata_patient_remove_labthumor_patient_and_more','2024-09-13 08:10:04.016332');
INSERT INTO "django_migrations" VALUES(71,'patients','0006_alter_patient_patient_detail_and_more','2024-09-13 11:49:43.716519');
INSERT INTO "django_migrations" VALUES(72,'patients','0002_alter_labthumor_thumor_diameter_and_more','2024-09-13 14:44:14.460982');
INSERT INTO "django_migrations" VALUES(73,'patients','0002_remove_patient_patient_detail_and_more','2024-09-13 22:23:07.328105');
INSERT INTO "django_migrations" VALUES(74,'patients','0003_client_skills','2024-09-13 22:37:50.490662');
INSERT INTO "django_migrations" VALUES(75,'patients','0004_skills_client_alter_client_name_alter_skills_level','2024-09-13 22:40:49.699607');
INSERT INTO "django_migrations" VALUES(76,'patients','0005_rename_client_school_student_delete_skills','2024-09-14 09:58:32.213530');
INSERT INTO "django_migrations" VALUES(77,'patients','0002_alter_labdata_hbv','2024-09-15 20:58:41.926650');
INSERT INTO "django_migrations" VALUES(78,'patients','0003_alter_labdata_hbv','2024-09-15 20:59:49.698090');
INSERT INTO "django_migrations" VALUES(79,'patients','0004_alter_labdata_hbv','2024-09-15 21:00:43.108207');
INSERT INTO "django_migrations" VALUES(80,'patients','0005_alter_labdata_hbv','2024-09-15 21:11:14.390683');
INSERT INTO "django_migrations" VALUES(81,'patients','0006_alter_labdata_hbv','2024-09-15 21:13:59.545082');
INSERT INTO "django_migrations" VALUES(82,'patients','0007_author_remove_student_school_book_delete_school_and_more','2024-09-16 16:14:45.689787');
INSERT INTO "django_migrations" VALUES(83,'patients','0002_alter_patientdetail_gender','2024-09-16 19:16:13.735023');
INSERT INTO "django_migrations" VALUES(84,'patients','0003_rename_thumor_segment_labthumor_thumor_segment1_and_more','2024-09-16 19:30:11.613572');
INSERT INTO "django_migrations" VALUES(85,'patients','0004_labthumor_thumor_segment3','2024-09-16 19:32:23.033543');
INSERT INTO "django_migrations" VALUES(86,'patients','0005_alter_labdata_cukrzyca_alter_labdata_encefalopatia_and_more','2024-09-16 19:55:48.131774');
INSERT INTO "django_migrations" VALUES(87,'patients','0006_alter_labdata_cukrzyca_alter_labdata_encefalopatia_and_more','2024-09-16 19:57:50.359081');
INSERT INTO "django_migrations" VALUES(88,'patients','0002_alter_labdata_afp_alter_labdata_albuminy_and_more','2024-09-17 18:15:13.735289');
INSERT INTO "django_migrations" VALUES(89,'sites','0001_initial','2024-09-21 15:54:05.541734');
INSERT INTO "django_migrations" VALUES(90,'sites','0002_alter_domain_unique','2024-09-21 15:54:05.784415');
INSERT INTO "django_migrations" VALUES(91,'patients','0002_alter_patientdetail_grupa_krwi','2024-09-23 11:57:08.785884');
INSERT INTO "django_migrations" VALUES(92,'patients','0003_labthumor1_delete_labthumor','2024-09-23 15:28:21.496898');
INSERT INTO "django_migrations" VALUES(93,'patients','0002_alter_labthumor1_top_diameter','2024-09-25 19:50:39.377873');
INSERT INTO "django_migrations" VALUES(94,'patients','0003_alter_labdata_bilirubina_cal_and_more','2024-09-25 19:50:39.594918');
INSERT INTO "django_migrations" VALUES(95,'patients','0004_alter_patientdetail_grupa_krwi_and_more','2024-09-25 22:02:49.921044');
INSERT INTO "django_migrations" VALUES(96,'patients','0005_alter_labdata_options_alter_labthumor1_options_and_more','2024-09-25 22:02:49.955579');
INSERT INTO "django_migrations" VALUES(97,'patients','0006_alter_labdata_table_alter_labthumor1_table_and_more','2024-09-25 22:02:49.978384');
INSERT INTO "django_migrations" VALUES(98,'patients','0003_alter_patientdetail_grupa_krwi','2024-09-26 00:42:33.909301');
INSERT INTO "django_migrations" VALUES(99,'patients','0004_alter_patientdetail_gender','2024-09-26 00:52:21.020615');
INSERT INTO "django_migrations" VALUES(100,'patients','0005_alter_patientdetail_gender','2024-09-26 00:52:21.035713');
INSERT INTO "django_migrations" VALUES(101,'patients','0006_alter_patientdetail_gender','2024-09-26 00:57:34.219170');
INSERT INTO "django_migrations" VALUES(102,'patients','0007_alter_patientdetail_gender','2024-09-26 01:06:16.132437');
INSERT INTO "django_migrations" VALUES(103,'patients','0008_alter_patientdetail_gender','2024-09-26 01:07:53.775587');
INSERT INTO "django_migrations" VALUES(104,'patients','0009_alter_patientdetail_gender','2024-09-26 01:22:27.057714');
INSERT INTO "django_migrations" VALUES(105,'patients','0010_alter_patientdetail_gender','2024-09-26 01:22:27.070536');
INSERT INTO "django_migrations" VALUES(106,'patients','0011_alter_patientdetail_gender','2024-09-26 01:28:49.747907');
INSERT INTO "django_migrations" VALUES(107,'patients','0012_alter_patientdetail_gender_and_more','2024-09-26 01:34:27.728380');
INSERT INTO "django_migrations" VALUES(108,'patients','0013_alter_patientdetail_grupa_krwi','2024-09-26 01:41:19.516637');
INSERT INTO "django_migrations" VALUES(109,'django_apscheduler','0001_initial','2024-09-30 16:36:27.752509');
INSERT INTO "django_migrations" VALUES(110,'django_apscheduler','0002_auto_20180412_0758','2024-09-30 16:36:27.759486');
INSERT INTO "django_migrations" VALUES(111,'django_apscheduler','0003_auto_20200716_1632','2024-09-30 16:36:27.787913');
INSERT INTO "django_migrations" VALUES(112,'django_apscheduler','0004_auto_20200717_1043','2024-09-30 16:36:27.807903');
INSERT INTO "django_migrations" VALUES(113,'django_apscheduler','0005_migrate_name_to_id','2024-09-30 16:36:27.831680');
INSERT INTO "django_migrations" VALUES(114,'django_apscheduler','0006_remove_djangojob_name','2024-09-30 16:36:27.843432');
INSERT INTO "django_migrations" VALUES(115,'django_apscheduler','0007_auto_20200717_1404','2024-09-30 16:36:27.857536');
INSERT INTO "django_migrations" VALUES(116,'django_apscheduler','0008_remove_djangojobexecution_started','2024-09-30 16:36:27.871186');
INSERT INTO "django_migrations" VALUES(117,'django_apscheduler','0009_djangojobexecution_unique_job_executions','2024-09-30 16:36:27.893511');
CREATE UNIQUE INDEX "auth_group_permissions_group_id_permission_id_0cd325b0_uniq" ON "auth_group_permissions" ("group_id", "permission_id");
CREATE INDEX IF NOT EXISTS "auth_group_permissions_group_id_b120cbf9" ON "auth_group_permissions" ("group_id");
CREATE INDEX IF NOT EXISTS "auth_group_permissions_permission_id_84c5c92e" ON "auth_group_permissions" ("permission_id");
CREATE UNIQUE INDEX "auth_permission_content_type_id_codename_01ab375a_uniq" ON "auth_permission" ("content_type_id", "codename");
CREATE INDEX IF NOT EXISTS "auth_permission_content_type_id_2f476e4b" ON "auth_permission" ("content_type_id");
CREATE UNIQUE INDEX "auth_user_groups_user_id_group_id_94350c0c_uniq" ON "auth_user_groups" ("user_id", "group_id");
CREATE INDEX IF NOT EXISTS "auth_user_groups_user_id_6a12ed8b" ON "auth_user_groups" ("user_id");
CREATE INDEX IF NOT EXISTS "auth_user_groups_group_id_97559544" ON "auth_user_groups" ("group_id");
CREATE UNIQUE INDEX "auth_user_user_permissions_user_id_permission_id_14a6b632_uniq" ON "auth_user_user_permissions" ("user_id", "permission_id");
CREATE INDEX IF NOT EXISTS "auth_user_user_permissions_user_id_a95ead1b" ON "auth_user_user_permissions" ("user_id");
CREATE INDEX IF NOT EXISTS "auth_user_user_permissions_permission_id_1fbb5f2c" ON "auth_user_user_permissions" ("permission_id");
CREATE INDEX IF NOT EXISTS "django_admin_log_content_type_id_c4bce8eb" ON "django_admin_log" ("content_type_id");
CREATE INDEX IF NOT EXISTS "django_admin_log_user_id_c564eba6" ON "django_admin_log" ("user_id");
CREATE UNIQUE INDEX "django_content_type_app_label_model_76bd3d3b_uniq" ON "django_content_type" ("app_label", "model");
CREATE INDEX IF NOT EXISTS "django_session_expire_date_a5c62663" ON "django_session" ("expire_date");
CREATE INDEX IF NOT EXISTS "login_history_loginhistory_user_id_195fb57c" ON "login_history_loginhistory" ("user_id");
CREATE INDEX IF NOT EXISTS "django_apscheduler_djangojob_next_run_time_2f022619" ON "django_apscheduler_djangojob" ("next_run_time");
CREATE INDEX IF NOT EXISTS "django_apscheduler_djangojobexecution_run_time_16edd96b" ON "django_apscheduler_djangojobexecution" ("run_time");
CREATE INDEX IF NOT EXISTS "django_apscheduler_djangojobexecution_job_id_daf5090a" ON "django_apscheduler_djangojobexecution" ("job_id");
CREATE TABLE IF NOT EXISTS "django_session" ("session_key" varchar(40) NOT NULL PRIMARY KEY, "session_data" text NOT NULL, "expire_date" datetime NOT NULL);
INSERT INTO "django_session" VALUES('fzauj4vwmzbzpu8miostd74ztvi5c0qd','.eJxVjDsOwjAQBe_iGlleHP8o6TmDtV5vcADZUpxUiLuTSCmgfTPz3iLiupS4dp7jlMVFgDj9bgnpyXUH-YH13iS1usxTkrsiD9rlrWV-XQ_376BgL1uNbPUZvDKDU1YlUiNDsjrwQOQN52CdcS55bRIA5ECIdrS0NcDZKxafL86PN5s:1sh9rj:6Ffo6NrjaZ2uLHnEQWAU_v30pNcw9DY7zTpJuzGkuQk','2024-09-05 15:36:47.943712');
INSERT INTO "django_session" VALUES('lt5b0n9ykahse7mszatap4snhzbl7002','.eJxVjTsOwyAQRO9CHSHWhgW7TJ8zID7rmHwgMriKcvfYkouknXnz5s2sW9ts10qLTZGNDNjpN_Mu3CnvRby5fC08lNyW5PmO8KOt_FIiPc4H-yeYXZ23tSPsOzBCSS1Q-CAmAo_9QDIEoygOqJXW3vTKA0AcgnM4Ydg2QNEI2qWVak0l25RTsy09qTb3fFk2gu5kL2F74KgEoMLPF0IyRek:1shA1r:cN9pWeqTqvE835cyRvkEPLmy45ugHzhDFnzCCU8ETXc','2024-08-22 15:49:15.143345');
INSERT INTO "django_session" VALUES('ro6axppkdj92cig59k04b689pucsql2n','.eJxVjDsOwyAQBe9CHSHWmI9dps8Z0ALrmHwgMriKcvfYkhu3b2bel7lKtaaSXcqpuZbeVBu-P46NYLpe9mCU5lJIYy_M4dpmt1ZaXIpsZMBOm8fwpLyD-MB8LzyU3Jbk-a7wg1Z-K5Fe18M9HcxY561G0rIDK1RvhBY-iInAazlQH4JVFAdtlDHeSuUBIA4BUU86bA1QtILY7w-LQ0WI:1shA4o:kv8NEvA7nVZX-WPov37W2ZhrJCdjmmNUjwSCdrYZqJQ','2024-08-22 15:52:18.896546');
INSERT INTO "django_session" VALUES('rfsnybzij24ztnhoba6asgz0ldpdezwq','eyJfc2Vzc2lvbl9pbml0X3RpbWVzdGFtcF8iOjE3MjQzNDE5OTIuMTk4MzM4fQ:1shA7d:hErLoo5P9Uh1izBKqqON8xWVeeB146gge2H9jc2xcU8','2024-08-22 15:55:13.675373');
INSERT INTO "django_session" VALUES('mrfah20b38ugytxvb0e42le71h5bq8gp','.eJxVjDkOwyAUBe9CHSEwu8v0OQP6wHdMFogMrqLcPbbkImnfzLw38bD22a8NF58TGQknp98tQLxj2UG6QblWGmvpSw50V-hBG73UhI_z4f4dzNDmrQbUYuCWKWmYZiGyCXnQwqGM0SpMThtlTLBCBc55chFATzpuDcdkGe6nDVvLtfhccvc9P7F1eL48GbkZpJCaKUGVsE4x-fkCQnZF8A:1shBB7:5LH-yB8rK2W71dgB6CyVoi3iNGwEWnn4JAXmV5Jc-rw','2024-08-22 17:02:53.567651');
INSERT INTO "django_session" VALUES('845jh0q1zgbp57rpobosdv8iv0b99st8','.eJxVjDsOwyAQBe9CHSHWmI9dps8Z0ALrmHwgMriKcvfYkoukfTPz3szh2ma3VlpcimxkwE6_m8dwp7yDeMN8LTyU3Jbk-a7wg1Z-KZEe58P9O5ixzluNpGUHVqjeCC18EBOB13KgPgSrKA7aKGO8lcoDQBwCop502BqgaAXtp5VqTSW7lFNzLT2pNny-HBvBdL3UxnbAQVkQRn6-Qo9F7Q:1shGqF:FTkljIs4QsTG7qg_FiYtDdmfYA2OWHqBmSlsc1f52Yw','2024-08-22 23:05:43.549119');
INSERT INTO "django_session" VALUES('gzb7j8ql33a8ec3ekv7as5mcnc93avq8','.eJxVjDkOwyAUBe9CHSHA8AGX6XMGxPIdkwUig6sod48tuUjaNzPvTZxf--zWhovLiYyEk9PvFny8Y9lBuvlyrTTW0pcc6K7QgzZ6qQkf58P9O5h9m7faIwyCG6akZsBCZBPyAINFGaNRmCxopXUwgwqc82Sj9zBB3BqOyTDcTxu2lmtxueTuen5i6_75cmTkWsgBjGKCaqksCPn5AkK2RfY:1shH1H:IDM0urj7eLcQEXoNzeYZ7GlRIkL1G-J3_PCjsBCOcMk','2024-08-22 23:17:07.578284');
INSERT INTO "django_session" VALUES('dimjxo8sn8uygaainlm4g1p5dvcebwvu','eyJfc2Vzc2lvbl9pbml0X3RpbWVzdGFtcF8iOjE3MjQzNjg2NDIuMDQzMjg3M30:1shH3T:F8fS9LgABbpVh1HyiFdttvqVhIOIC3DL50SQqt8KHTA','2024-08-22 23:19:23.459775');
INSERT INTO "django_session" VALUES('qnrma96yss5p0oov3jrivz0jvpnfytdb','.eJxVjDsOwyAQBe9CHSGDCbt2mT5nQLuAY_KByOAqyt0TS27cvpl5H-FqrDWV7FJOzbX0irXR6-3EqECb3uJgtFRGdRZOwtHaZrfWuLgUxCi0OGxM_hHzBsKd8q1IX3JbEstNkTut8lpCfF5293AwU53_NSjyAWgg0ByDpc76CYlZEygmiwjYIw5sjQlIUxz6yZxRaUDSzD6I7w_z7UbC:1shH8K:-Ni2p8MBPGWOtnSL4wf-ZZ-n5TW_es6n1648Z6zVuro','2024-08-22 23:24:24.276516');
INSERT INTO "django_session" VALUES('8urnq65koeqgbd2pqng6vqwcfp6k11uv','eyJfc2Vzc2lvbl9pbml0X3RpbWVzdGFtcF8iOjE3MjQzNjkxNzYuMjU3NTczfQ:1shHC4:nSn_u57_X9ja-LK-fqfmsrgiQ4VZwcF4y8X0EFAJi0E','2024-08-22 23:28:16.272437');
INSERT INTO "django_session" VALUES('3tzgyyc45hg40e3btzk74ous6x6tkisa','.eJxVjkEOwiAURO_C2hChFD5duvcM5H-gFrVgCl0Z726bdNPtvDeT-TJXY62pZJdyaq6lOdaG88exQRipOm07AK6F7m13YQ7XNrm1xsWlwAYm2Skj9K-YdxCemB-F-5LbkojvCj9o5fcS4vt2uKeBCeu0tY1AHwxaNJJi0HjVfgQkkmgEoQYwsL2ypJUKgGO03ah6ENIASiIf2O8P_vRG0g:1shHFW:f7qosGwXLIkFgRvDvaITVP6EGq5Faf8ydSM1hubb0FQ','2024-08-22 23:31:50.890097');
INSERT INTO "django_session" VALUES('a4nr1e6kkz6bxqn2z17a8w01mglufdu6','.eJxVjDsOwyAQBe9CHSHWmI9dps8Z0ALrmHwgMriKcvfYkoukfTPz3szh2ma3VlpcimxkwE6_m8dwp7yDeMN8LTyU3Jbk-a7wg1Z-KZEe58P9O5ixzluNpGUHVqjeCC18EBOB13KgPgSrKA7aKGO8lcoDQBwCop502BqgaAXtp5VqTSW7lFNzLT2pNny-HBvBdL3Ug5HApbLSaPX5AkLfRfs:1shHL1:_mlivIIHky4YW2VfkQTaDMsrb8Di3votCXytgdvN8ww','2024-08-22 23:37:31.388705');
INSERT INTO "django_session" VALUES('16isd74dhopspx0hinqmorpp4ewwly44','.eJxVjkEOwiAURO_C2hChFD5duvcM5H-gFrVgCl0Z726bdNPtvDeT-TJXY62pZJdyaq6lOdaG88exQRipOm2ht1xAD6LvLszh2ia31ri4FNjAJDtlhP4V8w7CE_OjcF9yWxLxXeEHrfxeQnzfDvc0MGGdtrYR6INBi0ZSDBqv2o-ARBKNINQABjoAS1qpADhG241qeygNoCTygf3-MI9HBg:1shHNJ:JoQUjK2qvajObLrJ4759ybzC65mHgxavryAJY1tdHgA','2024-08-22 23:39:53.579688');
INSERT INTO "django_session" VALUES('o9kut4zxqpoj5nb6e4j1z4v2r8xer19q','.eJxVjs0OgyAQhN-Fc0MUkV099t5nILuAlf5AI3hq-u7VxIvX-b6ZzFfYEkqJOdmYYrU1vkOp9P5YMbagdAdNo4wE6BW26iIsrXW2awmLjV6MQolTxuSeIe3APyjds3Q51SWy3BV50CJv2YfX9XBPAzOVeWtDS84DDQSKgzfUGDchMSuClskgAnaIAxutPdIUhm7S_XYQkBSz8-L3ByGwRvE:1shHPw:_vggmKfJkJdVrjW7OHaVTMdo1k7UpW8JmbbazXB2f-0','2024-08-22 23:42:36.821793');
INSERT INTO "django_session" VALUES('yfw04vztvefovg5awvpezl8g9ud46uv9','.eJxVjDkOwyAUBe9CHSE-ZnWZPmdALN8xWSAyuIpy99iSi6R9M_PexPm1z25tuLicyEiAnH634OMdyw7SzZdrpbGWvuRAd4UetNFLTfg4H-7fwezbvNUe1cDBMCk0UyxENiEENVgUMRqJySottQ5mkAEAko3eq0nFrQFMhuF-2rC1XIvLJXfX8xNb98-XIyNoLgQHpRlVhguww-cLQl9F7g:1shUqn:K6mIivnX8T0fH9Q9Nh9s5rD33VXejr099Gws7PS7F3k','2024-08-23 14:03:13.618303');
INSERT INTO "django_session" VALUES('hn8eggkuaof34ci7q7nmh8ns2tksbf6i','eyJfc2Vzc2lvbl9pbml0X3RpbWVzdGFtcF8iOjE3MjQ0MjE4MTUuMDg0MTY1fQ:1shUt6:zjWlTvZGkt6epzWKVusvtpFBsol7txaJdH1u9zjh5OY','2024-08-23 14:05:36.582482');
INSERT INTO "django_session" VALUES('lgpf1pic88uk3w4s0vghxsotrwofdkv0','.eJxVjDkOwyAUBe9CHSE-ZnWZPmdALN8xWSAyuIpy99iSG7dvZt6XuIat5VpcLrm7nt_Yun9_HBlBcyE4WGWp4INV5kKcX_vs1oaLy4mMBMhpCz4-sewgPXy5Vxpr6UsOdFfoQRu91YSv6-GeDmbf5q32qAYOhkmhmWIhsgkhqMGiiNFITFZpqXUwgwwAkGz0Xk0qbg1gMgzJ7w_EtEXI:1shUvc:AF2qt6WQA1jQ5wQbGauC9_FKXysWs7jlDBZDq4j1ALc','2024-08-23 14:08:12.049494');
INSERT INTO "django_session" VALUES('624v07s5unkxeb31xcbmbq229arwlghf','.eJxVjDkOwyAUBe9CHSE-ZnWZPmdALN8xWSAyuIpy99iSG7dvZt6XuIat5VpcLrm7nt_Yun9_HBlBcyE4B2EpZ8Iobi7E-bXPbm24uJzISICctuDjE8sO0sOXe6Wxlr7kQHeFHrTRW034uh7u6WD2bd5qj2rgYJgUmikWIpsQghosihiNxGSVlloHM8gAAMlG79Wk4tYAJsOQ_P7rm0Xt:1shV0E:N-5BvJZPmeZEs0a3VZ53gZfzUXZ5mMGcmfHKKo8JiV8','2024-08-23 14:12:58.297948');
INSERT INTO "django_session" VALUES('iuv6yx819agwr10pw3pdse84eea1xuo3','.eJxVjDkOwyAUBe9CHSHWD3aZPmdALN8xWSAyuIpy99iSG7dvZt6XuIat5VpcLrm7nt_Yun9_HBm5EUoJIa2mAEIJfSHOr312a8PF5URGwslpCz4-sewgPXy5Vxpr6UsOdFfoQRu91YSv6-GeDmbf5q32CFJwy7QyDFiIbEIeQA6oYrQa0wBGGxOs1IFznoboPUwQt4ZjsgzJ7w-7HUW6:1shV2R:RuKgoS53bXqtQ22UvL1q5-amO7ekWJ2lF7mfyFlxfpY','2024-08-23 14:15:15.963584');
INSERT INTO "django_session" VALUES('cqe9zy4572cplg6hz2580a50j8difvgi','.eJxVjDkOwyAUBe9CHSE-ZnWZPmdALN8xWSAyuIpy99iSG7dvZt6XuIat5VpcLrm7nt_Yun9_HBlBcyE4lwooCDtwaS7E-bXPbm24uJzISICctuDjE8sO0sOXe6Wxlr7kQHeFHrTRW034uh7u6WD2bd5qj2rgYJgUmikWIpsQghosihiNxGSVlloHM8gAAMlG79Wk4tYAJsOQ_P7ro0Xt:1shV5H:Im1TV3kU3lxqM33HraVPYcaAYjNsgKFYtjQrfqLgRLs','2024-08-23 14:18:11.179015');
INSERT INTO "django_session" VALUES('ykus8kv7sjno2nt65x2exdfkw9faz2uw','.eJxVjDkOwyAUBe9CHSHA8AGX6XMGxPIdkwUig6sod48tuXH7ZuZ9iWvYWq7F5ZK76_mNrfv3x5GRayGlEGAlBSMkU-JCnF_77NaGi8uJjIST0xZ8fGLZQXr4cq801tKXHOiu0IM2eqsJX9fDPR3Mvs1b7REGwQ1TUjNgIbIJeYDBoozRKEwWtNI6mEEFznmy0XuYIG4Nx2QYkt8f7U1F7w:1shV7S:Nag21FeVcSS07avX3nVlKU9YouLv9DTw_SJlXTBDBvo','2024-08-23 14:20:26.324254');
INSERT INTO "django_session" VALUES('83pjfq5cxfhts0llt02u95wmjj8xfvac','.eJxVjDkOwyAUBe9CHSHwZ3WZPmdALN8xWSAyuIpy99iSi6R9M_PexPm1z25tuLicyEg4Of1uwcc7lh2kmy_XSmMtfcmB7go9aKOXmvBxPty_g9m3eas9Khi4YVJopliIbEIeFFgUMRqJySottQ4GZOCcJxu9V5OKW8MxGYb7acPWci0ul9xdz09s3T9fjoxcD0IMwIBRK8EAfL78bEW0:1shVCj:YkO_pjcWdlDr9tQboJJRHr-L3pyvzVoWZFA4mP2tU9E','2024-08-23 14:25:53.151061');
INSERT INTO "django_session" VALUES('6abi47h16j6us1nx3ij3nmc70szwjcap','.eJxVjDkOwyAUBe9CHSG-2V2mzxkQy3dMFogMrqLcPbbkxu2bmfclrmFruRaXS-6u5ze27t8fR0bQgxADBzVQyyXnml-I82uf3dpwcTmRkQA5bcHHJ5YdpIcv90pjLX3Jge4KPWijt5rwdT3c08Hs27zVHhUfwDApNFMsRDYhBMUtihiNxGSVlloHw2UAgGSj92pScWsAk2FIfn_rAUXs:1shVEy:thv4MgWLGGP-mQ38tKtjx8Fi-3wNSAo1uVIsrY0Pcas','2024-08-23 14:28:12.795343');
INSERT INTO "django_session" VALUES('pxmm32efgqtfoet0f2a43934mttouy6v','.eJxVjDkOwyAUBe9CHSG-2V2mzxkQy3dMFogMrqLcPbbkxu2bmfclrmFruRaXS-6u5ze27t8fR0bQgxAD52agRmphQV-I82uf3dpwcTmRkQA5bcHHJ5YdpIcv90pjLX3Jge4KPWijt5rwdT3c08Hs27zVHhUfwDApNFMsRDYhBMUtihiNxGSVlloHw2UAgGSj92pScWsAk2FIfn_zTEX4:1shVIW:R1lYnU6Nz7s9BFZuGu7VlxqbuqHef3iX8vJgDuKaNDo','2024-08-23 14:34:52.974062');
INSERT INTO "django_session" VALUES('2jrt1zmt23gc1k1y74qumb0xckp7opwz','.eJxVj8sOgyAURP-FdUO4qCAuu-83EB7XSq3QCC4a479XE7twO3PmJLMSnTHnkKIOMRRdwoS5mOmjSQeS1zWvhJIUQCku-I1os5RBLxlnHTzpCJBLZo0bMR6Ff5n4TNSlWOZg6YHQs830kTy-7yd7EQwmD_vaoKg4tKypJRPMOtYjWFEprJ1rG_RKyEZK21aNBQCvnDGiF27fAPqW4S793xrxS7p1237MP0xE:1shVRt:FmEqUAZPa3tFSmG7w1DpbLhu0aQMuvYx94n9tym7UT4','2024-08-23 14:44:33.058467');
INSERT INTO "django_session" VALUES('rmiinb0w9tmsza0dxpa6zg2jt1ldzhuq','.eJxVjDsOgzAQRO-yNbK8fGygTJ8zWP4swSGxI2yKCHH3gEQKpKlm3psVVKKUfAzKB59V9m9KWb8_CnqUZV3vkchkV1a8LODPTvSFft0KUHrJo1oSzco76AHh0hltJwrH4J46PCKzMeTZG3Yg7FwTu0dHr9vJXg5Gncbd1iSqElve1JILbiwfCI2oOqqtbRtynZCNlKatGoOIrrNai0HY3UFyLSfYfhqMTAQ:1shVaM:1TrCNRwrQ5JNSEj_12kGfyEWKHAXrwJ9CgiwatSXQr8','2024-08-23 14:53:18.689414');
INSERT INTO "django_session" VALUES('e1ttzab7e8joam0okhcbv8evnze8k4hs','eyJfc2Vzc2lvbl9pbml0X3RpbWVzdGFtcF8iOjE3MjQ0MjQ5MjIuNzA4MjM5LCJzZXNzaW9uX2tleSI6e319:1shVhE:yN6AzaESJrCvTQEUAJiPzYccLQvTPxONmFzsR9jA-O8','2024-08-23 15:00:24.183396');
INSERT INTO "django_session" VALUES('6lbnmkw78vw0q99ao3tc8f3ryjd4vigg','.eJxVjMsOgjAQRf9l1qbpQOmDpXu_oeljlIoUQ8vCEP5dSXTh9p5z7ga2UClpzjblVG1NE5XqpqeFHlUjRKNQIjPSCC3aE_zkkV7Qb_sJrFvrYNdCi00RekD427wLI-UDxLvLt5mFOdcleXYo7EsLu8yRHuev-3cwuDJ8akeybVDzTiguuQ_8Suhla0iEoDuKRqpOKa_bziNiNME5eZXh0yBFzQn2N1qWTEc:1shWHd:mrUiYKQ8O_MSiquA3YBn0Fr52yzSpPjAffzUky_p0qg','2024-08-23 15:38:01.169572');
INSERT INTO "django_session" VALUES('00o1sriut71fk0rewysdkpnrhge2wiy0','.eJxVjL1uAyEQhN9l6wixcCxwZfo8A-JnnSO2OcvgIrLu3XMnOYWbKWa--Z7Qufe6tnDmX5ifoPHIG3e-wAzGoJSEpCXCtn1A-KdrqyOMeuU-4vUWYEarpkk5JC9IGe-N2un4GEt4dL6HWnYbwluXYj5zO4byE9v3KvLaxr0mcSDitXbxtRa-fL7YN8ES-7K_I5NW6KSZrCSZsjwxJtKep5yd4eLJGmuT0yYhYvE5RjpR3j_IxUmG7Q95G1Ms:1shWbm:w4nk-ciMVzKds40YYINEwsvL91l1YHl-2qs8-KQ-u_o','2024-08-23 15:58:50.619444');
INSERT INTO "django_session" VALUES('c7370gajfyi57czhzgumgmm038uqfo06','.eJxVjDsOgzAQRO-yNbK8GGygTJ8zWP4swSExETZFhLh7QCIFU868NyvoRCmFKeoQQ9Y5vCll8_5o6FCV1R4UyEpRVi2KAv7wSF_o1q0AbZY86CXRrIOHDhAunTVupHgM_mniY2JuinkOlh0IO9fE7pOn1-1kLweDScNuG5KixIbXleKSW8d7QitFS5VzTU2-lapWyjaitojoW2eM7KXbHSTfcILtB0khTDA:1shahL:7V67dj8uyMEfDlChNouv5uciKxYw4Xt2IqHZRefxtX8','2024-08-23 20:20:51.134635');
INSERT INTO "django_session" VALUES('o0wl9ihb421sy7bvp76y8rola3y2znc0','eyJfc2Vzc2lvbl9pbml0X3RpbWVzdGFtcF8iOjE3MjQ0NDQ1MzAuMzk3MTQ4LCJzZXNzaW9uX2tleSI6e319:1shanT:UcIHqo5J4HdWBUkF0PM6U57v068y_eX6qv1cg_RLsiA','2024-08-23 20:27:11.978265');
INSERT INTO "django_session" VALUES('9cbzafh60vsxsqfbw6k3gdw9v9wvjuwd','.eJxVjL2OwjAQhN9la2R5Y3sdp7yeZ7D8sxAf4CBsihPKu18iQUEzxXzfzAt849bKUn2ppftebtx6uN09TGgHrTVJtAItOjeYA3zkC__B9AKFe9658RUmMAalJCQlEdb1AD48--yfjR--5I0jfHUxpAvXHeTfUM-LSEvtjxLFrog3beK4ZL7-vN2vgzm0eVsHJjXgKI22kmRM8sQYSTnWKY2GsyNrrI2jMhERs0sh0InStkHOo2RY_wGXWlMg:1shbC1:YxZhXpfrOdSynCIALqNG1__ZXYOtfzp7-hUH3uRsgsI','2024-08-23 20:52:33.571691');
INSERT INTO "django_session" VALUES('m39ildx85l0m1tv14tsv9xsdmnsnoz73','eyJzZXNzaW9uX2tleSI6e319:1shbMi:cq3F_Ngx7p1eabFP2JGeuq32jzxINrZNWO8cjE7hSdU','2024-08-23 21:03:36.693205');
INSERT INTO "django_session" VALUES('s2f73llm6vsat48kvixgtgqbmk2d9rdw','.eJxVjEkOAiEUBe_C2hA-M7107xkIw9fGAUxDL4zx7raJLtzWq3pP0rH30qq_4INMz9eO-B8ptQw_yg37CLe7JxMYLqW0mguqOHBn1GaHdcx-7bj4kslEgPyxGNIF62fI51BPjaZWx1Ii_Sj0u3Z6aBmv-6_7dzCHPm91QC04WKakYZrFxI4IUQuHMiWrMDttlDHRChUBILsUgj7qtDWA2TIkrzeESExB:1shbrV:CHanGeqLxdzsViTBU_PfWXYvyOOAi14gvYWRVG5NNrI','2024-08-23 21:35:25.743602');
INSERT INTO "django_session" VALUES('pbki5bvjbn0y1tziy5jvt9813e4vrdkw','.eJxVjMtuwjAQRf_FaxR5sMePLMuGTb_B8mNoXMCh2FkglH_HkajUbkaae-85T1ap1jwXd6YHG59MwHanGNnIjocD27EbVbr0DxE4V6AEh57-LL603DqD67pj7leTS26u5SvV5q83x0bQeymlFSgHbRAtmL72S5vcUunucurqTfgnCz6eqWxF-vblax7iXNo9h2GbDO-2Dp9zosvHe_tPMPk6ddqTEnswHKXmiofITwRBCUsyRoOUrNKodTACAwAkG71XJxU7A5QMJ7a-AEotWng:1shc84:bSNrCBVIXD8bUQAfRR2iYrO_zZqeQZ_Y7frERfi47-Y','2024-08-23 21:52:32.857840');
INSERT INTO "django_session" VALUES('rsqvgyxso8w3f6oua5zve20krz28w8bx','.eJwVyEEKwjAQRuG7_OsimU5SNdtuvEUIIdABG6szLqTk7rabB9_bUfLHEHcwnV1KQcRjnjFgq1qfh0Ig5yaa2NFx39_cTOyHOPY-IGlVlVdL0sSSyVrV8rolRLqO3gfnmC5898z-1v_9ViCM:1shcEC:RN8ryT_oDmB5xMAk-_vxUGCG_7HMC65FKyXS_jiiEKM','2024-08-23 21:58:52.606723');
INSERT INTO "django_session" VALUES('r00a3vbli4v8q83chdr98t69sypmogp1','.eJxVjDtuwzAQRO-ytUBwRfEjlXHjJmcg-FlHTGzKEanCMHR3U4CLpBlgZt7ME2yhUtKSbcqp2ppuVKq73S1MqPthkJwbZD1KNEJ3ENxaYXqCwEPnEGCC8-kEHdyp0LU5KZFzhUpwbOnv5nJN9QFTv-8dWLfV2W6FVptigw_kT-Zd-KF8FPHb5a-FhSXXNXl2IOzdFva5RLp-vNl_B7Mrc1s7UqJHw-WgueI-8AuhV2KkIQQjKY5KS629EdIjYhyDc-qiQtsgRcMJ9hdB7ldY:1shcFs:NzUYxH1FpFFGh-E6QUIP8BScmw_lBC9iIu8Hja_rzj0','2024-08-23 22:00:36.172853');
INSERT INTO "django_session" VALUES('pk9jh8a4garwmyn8a9nm801uwfhdklln','eyJjYXJ0Ijp7fX0:1siZ3J:y5rY4MfIaUtdDPGFlxFz1tycsbMSTmgKv3fWxiSO7ro','2024-08-26 12:47:33.517261');
INSERT INTO "django_session" VALUES('mn66fwjwj05oodjg046634qf514uasbg','eyJjYXJ0Ijp7fSwiX3Nlc3Npb25faW5pdF90aW1lc3RhbXBfIjoxNzI0Njc3Mjk1LjA2NjE0NjF9:1siZLk:FSF2S3OCpjS6w4oE8yhPYl_1nT2vUHIXPIgEw4xe_kM','2024-08-26 13:06:36.374495');
INSERT INTO "django_session" VALUES('9hs3swrbz8apq5d4o6vuc4vn0jz6r9b2','.eJxVjMsOgyAQRf-FdUNAYVCX3fcbyABjpQ9oBFfGf68mbtzec85dmce5smHdbswWKiXmZGOK1db4pVLx-7NskKZRYEyrgCutml7AbuNSJ7sUmm0MbGCSXTaH_k3pAOGF6Zm5z6nO0fFD4Sct_JEDfe6nezmYsEx7jQRtIzuhlREgnBcjSQdtT8r7TlPowWhjXNdqJ6UMvUeEEfzeSAqdILb9AdKaSUQ:1siZMi:M5qfsl5g9N-z1dcsIYyojBqkfEMAYCpzWUydvUrhAy8','2024-08-26 13:07:36.209112');
INSERT INTO "django_session" VALUES('l2jdkgg3mhz11dbycf78fqmqs5q1vl3v','.eJxVjMsOwiAQRf9l1oYwtB1ol-79BjLAaPFBTcGV8d-1STdu7znnvsFXqTUvxeeSm2_5IbXx4-lhQmt6spasUYYMYucOEHltML0_B_D8arN_VVl9TjABwt8WON6kbCBduVwWFZfS1hzUpqidVnVaktyPu_t3MHOdfzULdQadHnqrSYeoz4KBulH6GN0gaSQ7WBtcNwRETGNkpjPFX4OSnBb4fAHHAEk_:1siZRy:mWKGxp9KRYVs8KDYTxqqdK6NQZAjFI5yIqlJ8Omz6jc','2024-08-26 13:13:02.021773');
INSERT INTO "django_session" VALUES('62shm064x405x0z6325hyljrak5mq4b1','.eJxVjDsOwjAQBe-ydWR5k_iXkp4zWGt7QwzEQbFTIe4OSDS0b2beE3zlWvNWfC65-ZZXro3Wh4cJTT9qY5xVYpSolRs6iLQ3mJ6vDjwdbfFH5d3nBBMg_G2B4o3LF6Qrlcsm4lbanoP4KuJHqzhvie-nn_t3sFBdPjWxHnq0Uo1GahminBmDHhyPMVrFyWmjjAl2UAERk4tEetbx0yAnKxleb8_OSUs:1siZX1:XzTFgMV-PHntqUR_rMnf9Yng1L9ZBXmkha-bMKiP9g8','2024-08-26 13:18:15.215177');
INSERT INTO "django_session" VALUES('jz6batumpld4ru6jel3pmnb18vnt7nlm','.eJxVjDsOwyAQBe-ydYTA_F2mzxnQApuYfHBkSBX57rElN2nfzLwvhEatlbmGUksPvbyodXy9A4zCDspYJ_nAlPTSKnWChEuH8bueIOCnT-HTaAklwwgC_raI6UF1B_mO9TazNNe-lMh2hR20scuc6Xk-3L-DCdu01UhGDsJxrSw3PCZ-JRGN9KRScpqyN1ZbG53UUQiRfUI0V5O2RlB2nGD9AchGSUE:1siZc9:UvbyRCx5u42xIjSISNcDObCxeKiXpRK5WhrznAF-x7A','2024-08-26 13:23:33.978783');
INSERT INTO "django_session" VALUES('pk2vy840ifgi0ykt8gdtsvravfdlosqp','.eJxVjDsOgzAQRO-yNbJsPv5Qps8ZrLW9BCfBRNhUiLsHJBqqkWbemw1sppzjnGxMsdgSJ8oFp5-FXqi6lUpLo5jRR3JVgcelQL_tFVhcy2jXTIuNAXoQcOsc-g-lcwhvTK-Z-TmVJTp2IuxaM3vOgb6Pi70djJjHw0aSTS0071rFJXeeDyScbAy13uuOgpGqU8rppnNCiGA8ohykPxxBQXOC_Q_c_Uld:1siZib:dZ3eQ0Wu82l44eDwcHl9jbUYI3ZUl76FO8w1B6nXNM4','2024-08-26 13:30:13.810849');
INSERT INTO "django_session" VALUES('twm2nqqcyh4hhcal8ge84lluacqsud6r','.eJxVjDsOwyAQBe9CHSE2thdwmT5nQAtsYvKByODK8t1jS2nSvpl5qwg0NzGu20m4yrWmkl3KqbmW3lwbvT9OjKDPPWoLCqRFtNbsMi1tckvl2aUoRgHib_MUnpwPEB-U70WGktucvDwU-aNVXkvk1-Xn_h1MVKe9JsbuDEYNvVaofFA3Bo-d5T4EM3C0qAetvekGDwDRBiK8Ydgb4GgUi-0LpedJHA:1siZot:kc7nhjSFI-IGjG46Zw653moPf2Pw4eiqCtYC_cvNqrI','2024-08-26 13:36:43.887245');
INSERT INTO "django_session" VALUES('bzd5zrl7d31jt4l3hogea7c5rixtqj2l','.eJxVjEEOgyAURO_y14aAKIjL7nsG8oFvpa3YCK6Md68mbszsZt6bDWymnOOcbEyx2BInygWnn4Ve6LpR2jRSM2PkkboCj0uBftsrsLiW0a6ZFhsD9CDg1jn0H0rnEN6YXjPzcypLdOxE2LVm9pwDfR8XezsYMY-HjaRkLTreNpor7jwfSDglDTXedy0Fo3Srtetk64QQwXhENSh_OIJCxwn2P9cJSVU:1siZvG:ThOOkRBu7Ivxm8BCXWklgqiqa0Yy1RpBRSqLG19QJBg','2024-08-26 13:43:18.192608');
INSERT INTO "django_session" VALUES('2ckdfw5qwbnsr33nxm765th043rewtki','.eJxVjMsOgyAUBf-FdUMA5eWy-34DucC10gc0givjv1cTN27PzJyVBJgbGdbtRlzFWlPJLuXUXEtfrA2-P0cGrkWvDBNWUGuFsHaXYWmTWyrOLkUyEE4um4fwxnyA-IL8LDSU3Obk6aHQk1b6KBE_99O9HExQp70GVJ3ghsleM8V8YCNyrzqLfQhGYrRKS6296aTnnEcbANSowt5wjIYh2f6jMkkY:1sia87:DVsSmtBQrjzJTLT-L2MqZBzPFf1fu181lfNVYFHPlWE','2024-08-26 13:56:35.264454');
INSERT INTO "django_session" VALUES('ia2mgybgmy5qep5n5b4syd9x3apy1ckb','eyJjYXJ0Ijp7IjMxIjp7ImhjYyI6IkhDQyIsInBlc2VsIjoiNTUxMDA2MTYzMDEiLCJxdWFudGl0eSI6Mn19LCJfc2Vzc2lvbl9pbml0X3RpbWVzdGFtcF8iOjE3MjQ2ODA5ODcuMzY1ODI0NX0:1siaJV:-9kUcoFCj3npmdiq0PvNk9x7NWpP90qZgDqszde_F_Y','2024-08-26 14:08:21.643056');
INSERT INTO "django_session" VALUES('o8ep8dm45zjfgzg737dfvbgk28hunqun','.eJxVjTsOwyAQRO9CHSEW2wt2mT5nQAusY_KByOAqyt3jSGnczrx58xaucq2pZJdyaq6lJ9dGz5cTExjdowWrUGrsjQZ9Eo62trit8upSFJMAccg8hTvnXxFvlK9FhpLbmrz8IfLfVnkpkR_nP3sQLFSXfU2Mnd6fh94oVD6omcFjN3Ifgh04jmgGY7ztBg8AcQxEOGPYN8DRKt6lgdYmpvfn8wW230k6:1siaWZ:oV2TnUTHkVHLGqIq2Sn9oU3DWAG8pTQNsZV2mdoPu2g','2024-08-26 14:21:51.048472');
INSERT INTO "django_session" VALUES('37elyjn66nvwtl32dkr37rivzummnzt2','eyJfc2Vzc2lvbl9pbml0X3RpbWVzdGFtcF8iOjE3MjQ2ODIxMTIuMTkyMDA1OSwiY2FydCI6e319:1siabR:tnJmiwYYRm6F9RxD2liPbqhy5Z1X_9HL35Le3hZnOJ4','2024-08-26 14:26:53.801037');
INSERT INTO "django_session" VALUES('xqrnkh732kle1eqy4pukh1dsy4uk69gu','.eJxVjMsOgyAQRf-FdUMYkYcuu-83kAHGSh_YCK6M_15N3Li955y7soBzZf263ZgrVEqasks5VVfTl0rF78-xHkzTatsqC1wbkLJTu41LHd1SaHYpsp4Bu2wew5vyAeIL83PiYcp1Tp4fCj9p4Y8p0ud-upeDEcu410haNmCFao3QwgcxEHgtO2pDsIpip40yxlupPADELiDqQYe9AYpWENv-1KNJRw:1sibGO:HVHS-L3UVzdv6mXTqPDLIXH03BTkit21GYupqdaUE3Y','2024-08-26 15:17:32.086992');
INSERT INTO "django_session" VALUES('wi0ro2bwd63ws7lidspvutzsga22toz8','.eJxVjDsOwyAQBe9CHSHWBha7TJ8zID7rmHwgMriKcvfYkoukfTPz3sy6tc12rbTYFNnIgJ1-N-_CnfIO4s3la-Gh5LYkz3eFH7TyS4n0OB_u38Hs6rzVjnTfgRFKotDCBzEReN0PJEMwiuKgUSF60ysPAHEIzulJh60BikbQflqp1lSyTTk129KTanPPl2UjYCdRIgJyIYwcUH2-QuBF-w:1sirfc:UbrMICxvaHDbNaoYKiGsL6QVFSk2DOc-faSdOd06pbA','2024-08-27 08:48:40.799615');
INSERT INTO "django_session" VALUES('chchnpn2qbxg10qrni8lwp1pdd7ux1g1','.eJxVjDsOwyAQRO9CHSHW5meX6XMGtMA6Jh-IDK6i3D225MbNFDPvzZe5SrWmkl3KqbmW3lQbvj-OjWA6aaTdkneDVRIuzOHaZrdWWlyKbGTATp3H8KS8D_GB-V54KLktyfMd4cda-a1Eel0P9nQwY503G0n3HVihpBFa-CAmAq_7gWQIVlEctFHGeNsrDwBxCIh60mFzgKIVxH5_w55Fxg:1sirvy:e16n1t0xMNR_5gQUVdU9JF1IvRqKNTq4rifKpHQ3PjE','2024-08-27 09:05:34.144293');
INSERT INTO "django_session" VALUES('a34jqr37qpfjngy7578k6o9magm6han7','.eJxVjDkOwyAUBe9CHSG-2V2mzxkQy3dMFogMrqLcPbbkxu2bmfclrmFruRaXS-6u5ze27t8fR0bQg9DCSm6oGaQVYC7E-bXPbm24uJzISICctuDjE8sO0sOXe6Wxlr7kQHeFHrTRW034uh7u6WD2bd5qj4oPYJgUmikWIpsQguIWRYxGYrJKS62D4TIAQLLRezWpuDWAyTAkvz_6ikYC:1sis96:YPF6sl9D2E_C1HiEX0i3Vc3xRfgzFn54m9Lq_SPaBNk','2024-08-27 09:19:08.313588');
INSERT INTO "django_session" VALUES('nlpwnsj670iqnunc9ulqxxzm6yf01iod','.eJxVjDsOwyAQBe9CHSHWmI9dps8Z0ALrmHwgMriKcvfYkhu3b2bel7lKtaaSXcqpuZbeVBu-P46NYLreKCGV5J200oC-MIdrm91aaXEpspEBO20ew5PyDuID873wUHJbkue7wg9a-a1Eel0P93QwY523GknLDqxQvRFa-CAmAq_lQH0IVlEctFHGeCuVB4A4BEQ96bA1QNEKYr8_7HpF7g:1sisMF:e0MNEDY6osO-Sw0Mmz0LZs3-6wbGHog-JhAhTuqzjUg','2024-08-27 09:32:43.089484');
INSERT INTO "django_session" VALUES('ymhf8alh9f9xzdd2ujtu0nt6gd8r1sgm','.eJxVjDsOwyAQBe9CHSHW5meX6XMGtMA6Jh-IDK6i3D225Mbtm5n3Za5Sralkl3JqrqU31Ybvj2MjmE4aBbLrubBCWKUuzOHaZrdWWlyKbGTATpvH8KS8g_jAfC88lNyW5Pmu8INWfiuRXtfDPR3MWOetRtJ9B1YoaYQWPoiJwOt-IBmCVRQHbZQx3vbKA0AcAqKedNgaoGgFsd8f6QJF6Q:1sisdW:6FeRn0PFu65tBTFLft_aK2trSoqINYVPN5hwFrL458g','2024-08-27 09:50:34.019495');
INSERT INTO "django_session" VALUES('fv4y8gqwdh70u0j1vnudmkurzpovtr1c','.eJxVjDkOwjAUBe_iGln-3pOSnjNYXn6IWWwUOxXi7iRSCmjfzLw3cX7ts1sbLi4nMhIgp98t-HjHsoN08-VaaaylLznQXaEHbfRSEz7Oh_t3MPs2b7VHLThYpqRhmoXIJoSgxYAyRqswDdooY4IVKgBAGqL3etJxawCTZbifNmwt1-Jyyd31_MTW_fPlyAiGS6ME15xKrcBy8fkCQpVF7w:1sit73:7RlpfMqj__LMMdbfPpY4IxmD7P11cWVdN5cGzxQFjME','2024-08-27 10:21:05.201663');
INSERT INTO "django_session" VALUES('p5dv883fnn7w5cavsxz144ytow7wigwh','.eJxVjDsOwyAQBe9CHSHWhgW7TJ8zID7rmHwgMriKcvfYkhu3b2bel9lKtaaSbcqp2ZbeVJt7fywbQXdSKwkIHMwgUZgLs25ts10rLTZFNjJgp8278KS8g_hw-V54KLktyfNd4Qet_FYiva6HezqYXZ232hH2HRihpBYofBATgcd-IBmCURQH1Eprb3rlASAOwTmcMGwNUDSC2O8P8VZF9Q:1sitO1:cIvSLigUg8nz1cxD0FjFuQPoyWrUDaIHVC6GsqePWgY','2024-08-27 10:38:37.578671');
INSERT INTO "django_session" VALUES('6egudylwbl3gtq0vzdb8cn822k3s8hds','.eJxVjDsOwyAQBe9CHSHWmJ_L9DkDWmAdkw-ODK6i3D225CJp38y8N_O4tsmvlRafExsYsNPvFjDeqewg3bBcZx7n0pYc-K7wg1Z-mRM9zof7dzBhnbYaScsOrFC9EVqEKEaCoKWjPkarKDltlDHBShUAILmIqEcdtwYoWUH7aaVa81x8Lrn5lp9UGz5fng1gut4oJZzlTkkwWn6-QxFF_Q:1sitaf:bOh3yEQmvxxxndNNuwJvUu2e3Gr0ISRC3HTEDmW2bDg','2024-08-27 10:51:41.666365');
INSERT INTO "django_session" VALUES('rz7ehtx1csjhib52t4h9retrvnrdrvrn','.eJxVjDkOwyAUBe9CHSHA8AGX6XMGxPIdkwUig6sod48tuXH7ZuZ9iWvYWq7F5ZK76_mNrfv3x5GRayG1UlYAFVIqa-BCnF_77NaGi8uJjIST0xZ8fGLZQXr4cq801tKXHOiu0IM2eqsJX9fDPR3Mvs1b7REGwQ1TUjNgIbIJeYDBoozRKEwWtNI6mEEFznmy0XuYIG4Nx2QYkt8f-bRGAQ:1sitoE:rOYnHiVQue8opQY8OL-5VUCdTKRArutJbnoA4Iv45v4','2024-08-27 11:05:42.654630');
INSERT INTO "django_session" VALUES('ht0g0be6s5yz5w1d2y2ear91a1junok8','.eJxVjDsOwyAQBe9CHSHWNgu4TJ8zID7rmHwgMriKcvfYkoukfTPz3sy6tc12rbTYFNnIgJ1-N-_CnfIO4s3la-Gh5LYkz3eFH7TyS4n0OB_u38Hs6rzVjrDvQAs5KIHCBzEReOwNDSFoSdGgkkp53UsPANEE53DCsDVAUQvaTyvVmkq2KadmW3pSbe75smwE1Q1KojHIDWAnBH6-Q0lF-w:1siu5H:fsdiVkm5u5oouzzd7rdTnx2KZVBmanVdZLI1AAYqvzw','2024-08-27 11:23:19.565965');
INSERT INTO "django_session" VALUES('fgl289gpxpcmnvx99ff9aqipviatrf3n','.eJxVjjsOwyAQRO9CHSHW5meX6XMGtMA6Jh-IDK6i3D225MbtvHmj-TJXqdZUsks5NdfSm2rD98exEUwnjTLW9FxZ2Ql5YQ7XNru10uJSZCMDdso8hiflHcQH5nvhoeS2JM_3Cj9o5bcS6XU9uqeBGeu82Ui678AKJY3QwgcxEXjdDyRDsIrioLdfxtteeQCIQ0DUkw6bAxStIPb7A8MSRcU:1siuJx:_SAhQuFYoOGG-DgtTvy0x1w9LQjTmkQNFuMG_HpYB0E','2024-08-27 11:38:29.887808');
INSERT INTO "django_session" VALUES('n8bzbg0ulxylh69i8f0g6ktzmqu2redh','eyJfc2Vzc2lvbl9pbml0X3RpbWVzdGFtcF8iOjE3MjQ3NTg3NjAuMjI4NTQyOH0:1siuXh:IHkmsTfofSmONKOIfUQDtYucV-dVG9CD5IHuvBprHjU','2024-08-27 11:52:41.704545');
INSERT INTO "django_session" VALUES('fb35j4o0xlcf9aa4nu8poh6f49zz66rh','.eJxVjDsOwyAQBe9CHSHWmI9dps8Z0ALrmHwgMriKcvfYkhu3b2bel7lKtaaSXcqpuZbeVBu-P46NYLreWC2V5VZaY0R3YQ7XNru10uJSZCMDdto8hiflHcQH5nvhoeS2JM93hR-08luJ9Loe7ulgxjpvNZKWHViheiO08EFMBF7LgfoQrKI4aKOM8VYqDwBxCIh60mFrgKIVxH5_-ftGAQ:1sj1ir:4wCrXp8a5CIz65NqI51TflXgIr5xvUUlb9iv1W6lOKQ','2024-08-27 19:32:41.633939');
INSERT INTO "django_session" VALUES('gupstmgq04swb5yodq7nqprsqfudqo6h','eyJfc2Vzc2lvbl9pbml0X3RpbWVzdGFtcF8iOjE3MjQ3ODc2MDcuOTM3NDI0NH0:1sj22z:KGH7L5c0Ql0VyU37I8Ujk87xE2b7UP9WlNPg2PFiSfc','2024-08-27 19:53:29.236504');
INSERT INTO "django_session" VALUES('8gwg9ersq8829wwt0vb6ryoo640uchhk','.eJxVjDsOwyAQBe9CHSHWhgW7TJ8zID7rmHwgMriKcvfYkoukfTPz3sy6tc12rbTYFNnIgJ1-N-_CnfIO4s3la-Gh5LYkz3eFH7TyS4n0OB_u38Hs6rzVjrDvwAgltUDhg5gIPPYDyRCMojigVlp70ysPAHEIzuGEYWuAohG0n1aqNZVsU07NtvSk2tzzZdkIupPaaFSSD6g0iu7zBUNiRgE:1sj23l:3w7bCn4jneeCo_B1p90_TQhBUBSjs-4oN2UiBGRkZ94','2024-08-27 19:54:17.484372');
INSERT INTO "django_session" VALUES('p65k0wsestzbjqx7f2fq0xh1zw67knes','.eJxVjDsOwyAQBe9CHSHWhgW7TJ8zID7rmHwgMriKcvfYkhu3b2bel9lKtaaSbcqp2ZbeVJt7fywbQXdSGyMRuVCmU0JfmHVrm-1aabEpspEBO23ehSflHcSHy_fCQ8ltSZ7vCj9o5bcS6XU93NPB7Oq81Y6w78AIJbVA4YOYCDz2A8kQjKI4oFZae9MrDwBxCM7hhGFrgKIRxH5_9dNF-w:1sj2J7:yCEbEO9_gFV3R_qgiGO2M5CAD2tmHgwZ-c8kTCITVRM','2024-08-27 20:10:09.786688');
INSERT INTO "django_session" VALUES('sfw6da7itcfvnh0b62kio5hc6v3fwp4q','.eJxVjjkOwyAURO9CHSG-2V2mzxkQy3dMFogMrqLcPbbkxu28eaP5EtewtVyLyyV31_MbW_fvjyMj6EFoy7TUVHEQ3A4X4vzaZ7c2XFxOZCRATlnw8YllB-nhy73SWEtfcqB7hR600VtN-Loe3dPA7Nu82R4VH8AwKTRTLEQ2IQTFLYoYjcRk1fZKB8NlAIBko_dqUnFzAJNhSH5_86lF-A:1sj2ru:BPVNSOXfDNrXdFyWrstF0omWAKJfz2w270nKhr6gS2E','2024-08-27 20:46:06.683952');
INSERT INTO "django_session" VALUES('d6bms2zhkylnvuzcs7m4nkt672h1dbkx','.eJxVjDkOwyAUBe9CHSE-ZnWZPmdALN8xWSAyuIpy99iSi6R9M_PexPm1z25tuLicyEiAnH634OMdyw7SzZdrpbGWvuRAd4UetNFLTfg4H-7fwezbvNUe1cDBMCk0UyxENiEENVgUMRqJySottQ5mkAEAko3eq0nFrQFMhuF-2rC1XIvLJXfX8xNb98-XIyNoLrTl0nIqYSu4-HwBQr5F6w:1sj3LO:bvZKOppYmczLqf25jwmHXI8cjRCRKX_-csrhvRHT-UA','2024-08-27 21:16:34.955869');
INSERT INTO "django_session" VALUES('6tata7c2f760pv32fn6re2xdwxrn6byw','.eJxVjDsOwyAQBe9CHSHWxgu4TJ8zID7rmHwgMriKcvfYkoukfTPz3sy6tc12rbTYFNnIgJ1-N-_CnfIO4s3la-Gh5LYkz3eFH7TyS4n0OB_u38Hs6rzVjrDvQItBKoHCBzEReOwNyRD0QNGgGpTyuh88AEQTnMMJw9YARS1oP61UayrZppyabelJtbnny7IRVCeVkSgkN2A0In6-QyZGBA:1sj3rr:hBpH3qm1Jl-pDo1Am44c2Ih1syWMDIdwTjVnC5fYkns','2024-08-27 21:50:07.238834');
INSERT INTO "django_session" VALUES('p1616szt68rireg4l1ci9q7n9tnb5quz','.eJxVjDsOwyAQBe9CHSHWeMG4TJ8zID7rmHwgMriKcvfYkhu3b2bel9lKtaaSbcqp2ZbeVJt7fywbQXe9NohacgmIRssLs25ts10rLTZFNjJgp8278KS8g_hw-V54KLktyfNd4Qet_FYiva6HezqYXZ232pGSHQwCey2U8EFMBF5JQ30IA1I0SqPWfpDoASCa4JyaVNgaoDgIYr8_98dF_g:1sj47b:Q-BAsWbg6FtWwkKf1pwdF24lSa4HuXeV8sCQ5ijRk1s','2024-08-27 22:06:23.536782');
INSERT INTO "django_session" VALUES('332g7gte20yrmzihm2tm6wol687fwdu5','.eJxVjDkOwyAUBe9CHSEwu8v0OQP6wHdMFogMrqLcPbbkImnfvJk38bD22a8NF58TGQknp98tQLxj2UG6QblWGmvpSw50v9CDNnqpCR_n4_sXmKHNmw2oxcAtU9IwzUJkE_KghUMZo1WYnDbKmGCFCpzz5CKAnnTcHI7JMtyjDVvLtfhccvc9P7F1eL48GbkZpHFmq1NhrFSD-nwBQz1F_w:1sj4hU:EPMvmdDXXGrPDWPMb_fwm5A1zTkVW3jK5ZY0h-qUSuM','2024-08-27 22:43:28.840403');
INSERT INTO "django_session" VALUES('ow89toxtnr46y4jzv8clt26pkolmynro','.eJxVjDkOwyAUBe9CHSEWs7lMnzOgD3zHZIHI4CrK3WNLLpL2zcx7Ew9rn_3acPE5kZFwcvrdAsQ7lh2kG5RrpbGWvuRAd4UetNFLTfg4H-7fwQxt3mpALQW3TA2GaRYim5AHLR0OMVqFyWmjjAlWqsA5Ty4C6EnHreGYLMP9tGFruRafS-6-5ye2Ds-XJyM3YnBCCiWptpIp8fkC_NhFuQ:1sjbKn:kTG4_WNHHg9-Gq1xp6vIge9W6U-Kh7tjWwZ7tZIhby8','2024-08-29 09:34:13.701492');
INSERT INTO "django_session" VALUES('rvp7t4acq35fqy0c1wmdjuodwdb3usw2','.eJxVjDkOwyAUBe9CHSHArC7T5wzoA98xWSAyuIpy99iSG7dvZt6X-Iat5Vp8Lrn7nt_YOrw_nozcCOmEFIJRraQWTFyIh7XPfm24-JzISDg5bQHiE8sO0gPKvdJYS19yoLtCD9rorSZ8XQ_3dDBDm7caUA-CW6akYZqFyCbkQQ8OZYxWYXLaKGOCHVTgnCcXAfSk49ZwTJYh-f0B5mNF5Q:1sjban:DhGK2OzwXyA5_WCzPg7LCNSwUwvqw9UrFC_uHTtQGYY','2024-08-29 09:50:45.482731');
INSERT INTO "django_session" VALUES('g4z8v273znquqvsx4nkr3772pq9yld10','.eJxVjDkOwyAUBe9CHSEW8wGX6XMGxPIdkwUig6sod48tuXH7ZuZ9iWvYWq7F5ZK76_mNrfv3x5GRazFYoSRIqq0UBuSFOL_22a0NF5cTGQknpy34-MSyg_Tw5V5prKUvOdBdoQdt9FYTvq6HezqYfZu32iNIwQ1Tg2bAQmQT8gDS4hCjUZgsaKV1MFIFznmy0XuYIG4Nx2QYkt8f9ZhF-w:1sjbsy:nFkNGaGDcwbt0365249yeH_rEmV1iBKKWT5U9pWSgxY','2024-08-29 10:09:32.863273');
INSERT INTO "django_session" VALUES('3x7qqd0kfd5ptjief2cfv89izfrs4vf5','.eJxVjDkOwyAUBe9CHSE-ZnWZPmdALN8xWSAyuIpy99iSG7dvZt6XuIat5VpcLrm7nt_Yun9_HBlBc2G54gKoYcC0lBfi_NpntzZcXE5kJEBOW_DxiWUH6eHLvdJYS19yoLtCD9rorSZ8XQ_3dDD7Nm-1RzVwMEwKzRQLkU0IQQ0WRYxGYrJKS62DGWQAgGSj92pScWsAk2FIfn_qf0Xr:1sjc76:iNPCMEWU6pnD-86FKfUE-d-YKTieHWCVbOkTt9d-Ytg','2024-08-29 10:24:08.683098');
INSERT INTO "django_session" VALUES('mm615hftxxkk9lfnhmf0vmjnrouzp66d','.eJxVjTsOwyAQRO9CHSEWm49dps8Z0ALrmHwgMriKcvfYkhu38-bNfJmrVGsq2aWcmmvpTbXh--PYCEb2gzRC9dxKCVpemMO1zW6ttLgU2ciAnTKP4Ul5B_GB-V54KLktyfO9wg9a-a1Eel2P7mlgxjpvNpLuJNjt2QgtfBATgdfdQH0IVlEctFHGeNspDwBxCIh60mFzgKIVxH5_up1FuQ:1sjcKE:SEHygXWIKJ6HqACsVdc9TQjzo3dANfvEvKf_RdxL_1s','2024-08-29 10:37:42.135343');
INSERT INTO "django_session" VALUES('j6c8rcncpxvl1ubuyfi25ici1iiu9l7x','eyJfc2Vzc2lvbl9pbml0X3RpbWVzdGFtcF8iOjE3MjQ5MjgxMTIuNjcwODY2N30:1sjcbA:1hu-PG9ZMS2wSTg43j1gW5uATdCLcBsRas6KZfXa6Vo','2024-08-29 10:55:12.685325');
INSERT INTO "django_session" VALUES('bgr4x7fbvtc8buickb93s0e6hy6vc20v','.eJxVjDkOwyAUBe9CHSE-ZnWZPmdALN8xWSAyuIpy99iSG7dvZt6XuIat5VpcLrm7nt_Yun9_HBlBc2G5HQSnTIMGyy_E-bXPbm24uJzISICctuDjE8sO0sOXe6Wxlr7kQHeFHrTRW034uh7u6WD2bd5qj2rgYJgUmikWIpsQghosihiNxGSVlloHM8gAAMlG79Wk4tYAJsOQ_P7uukXx:1sjcv7:kI4c7EFM1uHOue9G3cGDuj0gW-ow7zZoGvxuG0ljNn4','2024-08-29 11:15:49.071271');
INSERT INTO "django_session" VALUES('ihge8ftcdhm5sxavwti2n1cny51tl8fa','.eJxVjDsOwyAQBe9CHSHWmAVcps8ZEJ91TD44MriKcvfYkhu3b2bel7lKtea5uFxycy2_qTb__jg2gO56K0H0yDu0KLS5MOfXNrm10uJyYgMDdtqCj08qO0gPX-4zj3NpSw58V_hBK7_NiV7Xwz0dTL5OW-0JZQdGqF4LFCGKkSCgtNTHaBQli1ppHYxUAQCSjd7jiHFrgJIRxH5_8exF9g:1sjdMf:zwyOEFEwiur1J0TDOmtLKkT5yOcuMF0-iuw8cGm459Y','2024-08-29 11:44:17.352567');
INSERT INTO "django_session" VALUES('hyg00hed2pqhzlr0mxkni6739ieozn5p','.eJxVjDkOwyAUBe9CHSHArC7T5wzoA98xWSAyuIpy99iSG7dvZt6X-Iat5Vp8Lrn7nt_YOrw_nozcCOkGIZii0ljh9IV4WPvs14aLz4mMhJPTFiA-sewgPaDcK4219CUHuiv0oI3easLX9XBPBzO0easB9SC4ZUoaplmIbEIe9OBQxmgVJqeNMibYQQXOeXIRQE86bg3HZBmS3x_AikXC:1sjdfJ:jLOv5kxan6MfWX9yV1Az1dy7UFlxA48Pi7S6ZL-53L0','2024-08-29 12:03:33.212205');
INSERT INTO "django_session" VALUES('t9wjxz35l9fq3k0kx0bjkqsdnkz6yakh','.eJxVjDkOwyAUBe9CHSEwu8v0OQP6wHdMFogMrqLcPbbkImnfzLw38bD22a8NF58TGQknp98tQLxj2UG6QblWGmvpSw50V-hBG73UhI_z4f4dzNDmrQbUYuCWKWmYZiGyCXnQwqGM0SpMThtlTLBCBc55chFATzpuDcdkGe6nDVvLtfhccvc9P7F1eL48GbkZpBNWWEcV087Kzxf9iUXR:1sjfGv:K0tTbzX2VJhW4o5zsHHwEelKFt5LtD-qrZW-c7Y02_M','2024-08-29 13:46:29.521049');
INSERT INTO "django_session" VALUES('h0otqxawcpx8i4knrsr5bya6n6q9xn11','eyJfc2Vzc2lvbl9pbml0X3RpbWVzdGFtcF8iOjE3MjQ5MzkyMTIuMTAxOTY3Nn0:1sjfUC:Hec5mSfgEGZB5Z2OWo0ofJdHDOkmOAzvjetneDJ7ILs','2024-08-29 14:00:12.125682');
INSERT INTO "django_session" VALUES('w6lsupcfnr0f8s3ssu019jzcgdnkscbp','.eJxVjDkOwyAUBe9CHaGP2V2mzxkQy3dMFogMrqLcPbbkxu2bmfclrmFruRaXS-6u5ze27t8fR0amB2EFgNDUaOAwiAtxfu2zWxsuLicyEkZOW_DxiWUH6eHLvdJYS19yoLtCD9rorSZ8XQ_3dDD7Nm-1R8UHZkAKDQpChAlZUNyiiNFITFZpqXUwXAbGWLLRezWpuDUMkwEkvz_pMEXp:1sjfhg:FK0NszK_9-FdCOIxZSgtZaEJgsAr08W8HKNcIIGXqTU','2024-08-29 14:14:08.850272');
INSERT INTO "django_session" VALUES('479hw4a7y94s63gxphjmbi3fxilm0k83','.eJxVjjkOwyAURO9CHSE-ZnWZPmdALN8xWSAyuIpy99iSG7fz5o3mS1zD1nItLpfcXc9vbN2_P46MoLmwgoPk1CqtmZUX4vzaZ7c2XFxOZCRATlnw8YllB-nhy73SWEtfcqB7hR600VtN-Loe3dPA7Nu82R7VwMEwKTRTLEQ2IQQ1WBQxGolp-yO1DmaQAQCSjd6rScXNAUyGIfn9AfV5Rfs:1sjgFu:HkvY6unTdNYro6YwVyZmx8DhhE4cnxFR7ovtwSzE9z0','2024-08-29 14:49:30.095124');
INSERT INTO "django_session" VALUES('riqriv6i3dq89yo6bc74swobc99v9gl4','.eJxVjDsOwyAQBe9CHSHW5meX6XMGtMA6Jh-IDK6i3D225CJp38y8N3O4ttmtlRaXIhsZsNPv5jHcKe8g3jBfCw8ltyV5viv8oJVfSqTH-XD_Dmas81Yj6b4DK5Q0QgsfxETgdT-QDMEqioM2yhhve-UBIA4BUU86bA1QtIL200q1ppJdyqm5lp5UGz5fjo1gOjkoYaXhFkB26vMF_R5Fvw:1sjiVr:ecxDEUQDXYbmVz5CVvf_T3iR7d3w-YWBFFgIfXgDNCE','2024-08-29 17:14:07.820268');
INSERT INTO "django_session" VALUES('2bzk4r1ijoni44iswr67gyznk3v5k2iz','.eJxVjDsOwyAQBe9CHSHWNj-X6XMGtMA6Jh-IDK6i3D225CJp38y8N3O4ttmtlRaXIhsZsNPv5jHcKe8g3jBfCw8ltyV5viv8oJVfSqTH-XD_Dmas81Yjqb4DI-SghRI-iInAq97SEIKRFK3SUmtveukBINqAqCYVtgYoGkH7aaVaU8ku5dRcS0-qDZ8vx0bQ3WClNEpw6AYAaz5fQspF9A:1sjjoi:UkKOy6YenrN-mkazF-JWa9Fj9UjKUHXiEgmdUdMCqXw','2024-08-29 18:37:40.156669');
INSERT INTO "django_session" VALUES('47oudhgzlsk3ehewuktk006tjqvex4bw','.eJxVjDkOwjAUBe_iGln-8Z6SnjNYXn6IWWwUOxXi7iRSCmjfzLw3cX7ts1sbLi4nMhIgp98t-HjHsoN08-VaaaylLznQXaEHbfRSEz7Oh_t3MPs2b7VHxQcwTArNFAuRTQhBcYsiRiMxWaWl1sFwGQAg2ei9mlTcGsBkGO6nDVvLtbhccnc9P7F1_3w5MoIehJVKckulHZiw5vMFQzhGAw:1sjjzf:1k1SCWyYjkqx5F4yNl0twgSpJ17AXspQnVo7wqVHa6c','2024-08-29 18:48:59.604035');
INSERT INTO "django_session" VALUES('6j9r7kgd6orwfdnrtdqwx7k654thzxj0','.eJxVjDsOwyAQBe9CHSHW5mNcps8Z0ALrmHwgMriKcvfYkhu3b2bel7lKtaaSXcqpuZbeVBu-P46NYDpplZHacKuktUJemMO1zW6ttLgU2ciAnTaP4Ul5B_GB-V54KLktyfNd4Qet_FYiva6HezqYsc5bjaT7DgahpBFa-CAmAq97SzKEQVG02ihj_NArDwDRBkQ96bA1QHEQxH5__hlGBw:1sjkEo:9Ci7sHteyLvmznt7sIgMFXWRJ9eN0lf8j93eiLjtTW0','2024-08-29 19:04:38.050815');
INSERT INTO "django_session" VALUES('lzog8ki110jl28belh70p3v5ucf52mrb','.eJxVjDkOwjAUBe_iGln-8Z6SnjNYXn6IWWwUOxXi7iRSCmjfzLw3cX7ts1sbLi4nMhIgp98t-HjHsoN08-VaaaylLznQXaEHbfRSEz7Oh_t3MPs2b7VHxQcwTArNFAuRTQhBcYsiRiMxWaWl1sFwGQAg2ei9mlTcGsBkGO6nDVvLtbhccnc9P7F1_3w5MoIehJWGK0aNEJZp-fkCQxNF_Q:1sjkT2:tPyHrCHL7GbAaPVWqwngypV_R9S0vsA6zhXwarLf2Ak','2024-08-29 19:19:20.857023');
INSERT INTO "django_session" VALUES('itcv9nvon23sf92tacgbouyoghumn9r8','.eJxVjDkOwyAUBe9CHSG-2V2mzxkQy3dMFogMrqLcPbbkxu2bmfclrmFruRaXS-6u5ze27t8fR0bQg7DSWmGoUKA5vxDn1z67teHiciIjAXLago9PLDtID1_ulcZa-pID3RV60EZvNeHrering9m3eas9Kj6AYVJopliIbEIIilsUMRqJySottQ6GywAAyUbv1aTi1gAmw5D8_sipRc0:1sjkt2:QRmXb9w0tNvqpWjyzi_lqdJyIpY6m8QAH2zIMP2P2n4','2024-08-29 19:46:12.709078');
INSERT INTO "django_session" VALUES('3l6obrb9eddk7cbu6jwzn9o7ph8ruaaw','eyJfc2Vzc2lvbl9pbml0X3RpbWVzdGFtcF8iOjE3MjQ5NjI2MTIuMzU0NTM1M30:1sjlZc:d7SL7HQZmqOUK0tWTdXjax5D_tENEm2nEB3sz9Jv41E','2024-08-29 20:30:12.377891');
INSERT INTO "django_session" VALUES('6ocaz8ch3a5dx9ev1vgcas3c7g14tu7z','.eJxVjDkOwjAUBe_iGln-8Z6SnjNYXn6IWWwUOxXi7iRSCmjfzLw3cX7ts1sbLi4nMhIgp98t-HjHsoN08-VaaaylLznQXaEHbfRSEz7Oh_t3MPs2b7VHxQcwTArNFAuRTQhBcYsiRiMxWaWl1sFwGQAg2ei9mlTcGsBkGO6nDVvLtbhccnc9P7F1_3w5MoIehFUcBk45t1YL9fkCQr5F-g:1sjlhr:wKoeB0mITJGqRUspqdAlcaXeTjo7e7aH-SjG2Enniq4','2024-08-29 20:38:43.361593');
INSERT INTO "django_session" VALUES('yzsuu33ddcspo0ucx6p5koinshe2jayp','.eJxVjDsOwyAQBe9CHSHWhgW7TJ8zID7rmHwgMriKcvfYkhu3b2bel9lKtaaSbcqp2ZbeVJt7fywbQXdyQClBcQSBSl-YdWub7VppsSmykQE7bd6FJ-UdxIfL98JDyW1Jnu8KP2jltxLpdT3c08Hs6rzVjrDvwAgltUDhg5gIPPYDyRCMojigVlp70ysPAHEIzuGEYWuAohHEfn--s0W_:1sjm2p:6eLFzSNJsUpwJz9NlV2F8MztLpE9rOpVl4PCE0uPZUY','2024-08-29 21:00:23.947932');
INSERT INTO "django_session" VALUES('zcqnr7bvx6w9oejggz24f3k4x3j4cp6n','eyJfc2Vzc2lvbl9pbml0X3RpbWVzdGFtcF8iOjE3MjQ5NjUyMjUuNzQxODE5NH0:1sjmFl:Mtz9SPx6knrKODtmz3fsYhfVwm7eqN0kCGpXEqCcGPs','2024-08-29 21:13:45.762486');
INSERT INTO "django_session" VALUES('dyeibi8bw5ygx50i75mk6xo8c2xl1tyw','eyJfc2Vzc2lvbl9pbml0X3RpbWVzdGFtcF8iOjE3MjQ5NjcwOTMuMTUzOTA4N30:1sjmjt:Y9gAup1OYR4kfGfwSFaCm1PlZSWRa1GA2aiekdUO7oY','2024-08-29 21:44:53.169539');
INSERT INTO "django_session" VALUES('emsoxcpwp5lxjaowcyjz6zhi1w9tuolp','.eJxVjDkOgzAQRe_iOrI84GWgTJ8zWF6G4Cx2hE0V5e4BiYb2v_f-l9lKtaaSbcqp2ZbeVJt7fywbwXRy0IjacIOdApQXZt3aZrtWWmyKbGTATpt34Ul5B_Hh8r3wUHJbkue7wg9a-a1Eel0P93QwuzpvtSPdd4BCSSO08EFMBF73A8kQUFEctFHGeOyVB4A4BOf0pMPWAEUUxH5__utGCA:1sjnCW:X45IpxBySrhzjBo4pIyP2QhziT8AP4KXjS3MBjLqJqw','2024-08-29 22:14:28.659768');
INSERT INTO "django_session" VALUES('ncpvl53t06pbwq6d5vmsmo64rnu9srp0','.eJxVjjkOwyAURO9CHSEwu8v0OQP6wHdMFogMrqLcPbbkxu28eaP5Et-wtVyLzyV33_MbW4f3x5ORm0E67bRh1EiphLoQD2uf_dpw8TmRkXByygLEJ5YdpAeUe6Wxlr7kQPcKPWijt5rwdT26p4EZ2rzZgFoM3DIlDdMsRDYhD1o4lDFahWn7pIwJVqjAOU8uAuhJx83hmCxD8vsDxoFFyg:1sjnWI:kQ6hVNLNw9AUZZpf-bYTqvKzEX1DFZqHO5yIuXYyRU4','2024-08-29 22:34:54.773611');
INSERT INTO "django_session" VALUES('taj0f69lp0sunr9fkthvezzgqepweu0c','eyJfc2Vzc2lvbl9pbml0X3RpbWVzdGFtcF8iOjE3MjQ5NzEwMTcuNzMxMDc4MX0:1sjnlB:xOLqOMlwLJm5DYy23lW1m7Lx1EdTOZn9Us8tuZYJvTY','2024-08-29 22:50:17.744994');
INSERT INTO "django_session" VALUES('6avlgb9j2izkv262spxceayjsrytf1ol','.eJxVjDkOwyAUBe9CHSE-q3GZPmdALN8xWSAyuIpy99iSi6R9M_PexPm1z25tuLicyEiAnH634OMdyw7SzZdrpbGWvuRAd4UetNFLTfg4H-7fwezbvNUeteAwMCUN0yxENiEELSzKGAeFyWqjjAmDUAEAko3e60nHrQFMA8P9tGFruRaXS-6u5ye27p8vR0YwXDEOXFgqrZCMm88XQh1F6A:1sk0pD:_CGOszUgtmK5a3E1n587bwpEOmLEch-00sEp_zlR5uM','2024-08-30 12:47:19.506574');
INSERT INTO "django_session" VALUES('xlvikgzctww4olye8xdhzle7v4mmlqzu','eyJfc2Vzc2lvbl9pbml0X3RpbWVzdGFtcF8iOjE3MjUwMjIwNTMuNDEwMTE4Nn0:1sk12L:WsQ81sCKTfUuW3HDu-faMq-Vyjx0u6Lv-MqN-kRliog','2024-08-30 13:00:53.430335');
INSERT INTO "django_session" VALUES('lxrf0vsnxn6gmwx524hxxcluu3u8e466','.eJxVjjsOwyAQRO9CHSHWmI9dps8Z0ALrmHwgMriKcvfYkhtPOfNmNF_mKtWaSnYpp-ZaelNt-P44NoLplJAWQHLYpEBdmMO1zW6ttLgU2ciAnTyP4Ul5D-ID873wUHJbkuc7wo-08luJ9Loe7GlgxjpvbSQtO7BC9UZo4YOYCLyWA_UhWEVx0EYZ461UfnsWh4CoJx22DlC0gtjvD93jRdk:1sk5Db:_OP2UDr42wiig6kNcJ6_wDMwLAMYZpFobZ3lM3959aY','2024-08-30 17:28:47.698710');
INSERT INTO "django_session" VALUES('x7mu07h1tm1iy06iiuxwjl2pwedoswqw','.eJxVjDkOwyAUBe9CHSEwu8v0OQP6wHdMFogMrqLcPbbkImnfzLw38bD22a8NF58TGQknp98tQLxj2UG6QblWGmvpSw50V-hBG73UhI_z4f4dzNDmrQbUYuCWKWmYZiGyCXnQwqGM0SpMThtlTLBCBc55chFATzpuDcdkGe6nDVvLtfhccvc9P7F1eL48GbkZFJPCOkOFFGoYPl_870W8:1sk6if:C1fxh9k4VtKD6BBwasu_UsnwZZkeap52Me42TJrXHVw','2024-08-30 19:04:57.348592');
INSERT INTO "django_session" VALUES('hze1bnd301p6x60msmgaf7k0snwdles9','eyJfc2Vzc2lvbl9pbml0X3RpbWVzdGFtcF8iOjE3MjU1NTM0MDQuMzA4MzA0OH0:1smFGW:w9HQlk85OiZifRcmfDUQEJnSt2c3RosVVynymKFF3pw','2024-09-05 16:36:44.326303');
INSERT INTO "django_session" VALUES('0soiv3v5ac556zfbrn6dbgttguqzo4y4','.eJxVjTsOwyAQRO9CHSHWNj-X6XMGtMA6Jh-IDK6i3D225MbdaObNzJe5SrWmkl3KqbmW3lQbvj-OjaA7KeWgheWwCWH1hTlc2-zWSotLkY0M2MnzGJ6U9yA-MN8LDyW3JXm-I_xIK7-VSK_rwZ4GZqzz1kZSfQdG7O9K-CAmAq96S0MIRlK0SkutvemlB4BoA6KaVNg6QNEIYr8_83VF-A:1smFbs:d3WEOMKMMUJZA0Fz1xWth6kAe5orU-BevSpspSde7D4','2024-09-05 16:58:48.776807');
INSERT INTO "django_session" VALUES('ujqwtp3hfntcs0uay9ezil2da0l3net8','.eJxVjLsSgjAURP8ltZPJhTwp7f2GTB4XiUrikFA5_rvg0LDl7jn7IbZiralkm3JqtqUZa3Pz25IBVCf-AWoM7wXvLsS6tU12rbjYFMlAgJw678IT8z7Eh8v3QkPJbUme7gg91kpvJeLrerCng8nVabMdyr4DzQRXTDIf2IjgZW-Qh6AFRiOVUMrrXngAiCY4J0cZNgcwaobk-wPzmEX4:1smFpH:OAKlpVoHIC85GAQuWrVfOp-ATgBUwAFCZae8iG2ieyM','2024-09-05 17:12:39.705477');
INSERT INTO "django_session" VALUES('oqzhb9cqzpz0vpqv3ezn5dsl9bizcc7c','.eJxVjDsOwyAQBe9CHSHWeAG7TJ8zID7rmHwgMriKcvfYkoukfTPz3sy6tc12rbTYFNnIgJ1-N-_CnfIO4s3la-Gh5LYkz3eFH7TyS4n0OB_u38Hs6rzVjpTswAjstVDCBzEReCUH6kMwSHFQGrX2RqIHgDgE59SkwtYARSNoP61UayrZppyabelJtbnny7IRdIeIWgrJhdAgO_x8AUJBReM:1smGHP:8XjyacCGduSYK0mf7K5IkSQXnhCeUKqSTmEYNnQsnGY','2024-09-05 17:41:43.012583');
INSERT INTO "django_session" VALUES('7c4no6jqvay4tqore1lmwhl1kufz4qb5','.eJxVjTsOwyAQRO9CHSHWNgu4TJ8zID7rmHwgMriKcvfYkhu38-bNfJmtVGsq2aacmm3pTbW598eyEVQnpTSiA45aSJR4YdatbbZrpcWmyEYG7JR5F56UdxAfLt8LDyW3JXm-V_hBK7-VSK_r0T0NzK7Om-0I-w6200EJFD6IicBjb2gIQUuKBpVUyuteegCIJjiHE4bNAYpaEPv9AfCpRfQ:1smGjF:5IH2vKSKHf4NbdshkIzhasP6F-JGYzG2Z0tXa_tWwZQ','2024-09-05 18:10:29.134113');
INSERT INTO "django_session" VALUES('ds73yd66scf7r3es8ifj9clc4k668d46','.eJxVjMsOgjAQRf9l1qbptLQFlu79hqaPUSpSDC0LQ_h3JdGF23vOuRvYQqWkOduUU7U1TVSqm54WejRCKc2F7JgQplEoT_CTR3pBv-0nsG6tg10LLTZF6AHhb_MujJQPEO8u32YW5lyX5NmhsC8t7DJHepy_7t_B4MrwqR1pKbDlqjFccx_4ldBr2VETQqsodtooY3wrlUfE2AXn9FWHT4MUW06wvwFQHkw5:1smH2w:ABSnCZw3EKJhaa_jRr5Tjb5ASz_XILvWIMH8XXg6aQ0','2024-09-05 18:30:50.761873');
INSERT INTO "django_session" VALUES('j7tvojb2lgaf6xtidghvy2sof8dcpbha','.eJxVjLkOwjAQRP9la2R54_hKSc83WD4WYg4bxU6BEP9OkKCgG828N09wjVrLtbhccnc936h1f7s7mFAPUipEPrAtCGF38GMv9IDp-dqB82uf3dpocTnBBAh_XfDxQuUzpLMvp8piLX3JgX0Q9l0bO9RE1_2X_TuYfZs325MSAxouR80VD5EfCYMSlsYYjaRklZZaByNkQMRko_fqqOLmICXDCV5vGNBMAg:1smHHH:OBME4ycQ6BuArhFWk7yJDZTRjQLhCvn2x1_4A9R8LnM','2024-09-05 18:45:39.148949');
INSERT INTO "django_session" VALUES('zfftqoobp866w0v80249u9zfwttsgi3o','.eJxVjjFvwyAQRv9KdFMrVQiMAeOxe6UundEB55okhsqQoYr832tL6ZD13vue7g6Vak0luwv9wniHT2yJcvuqtJ6KP1NopxfxepAprbW5jAvBCAjb9gbuf5xyaq6lhWrD5cfBKEynlFZdr5ixvZTW7Dbe2uxue9mluDcEPN08hgvlA8Qz5u_CQsltTZ4dCnvQyj5KpOv7w30KzFjn4zXSshMDV73hmvvAJxJeS0t9CIOiaLVRxvhBKi-EiDYg6kmHfSMoDpxg-wMki1q7:1smILe:dI_ruS0FlOZt2Jg0Zdn21BOdqwfgSTkHIeqmzkDeXdc','2024-09-05 19:54:14.561079');
INSERT INTO "django_session" VALUES('ltout5n1kv5feo46r3r69giy20mgn1s4','eyJzZXNzaW9uX2tleSI6e319:1smIeZ:yV45o8ZGSKWvuJ5e4rj5P8bPpyFJFliO4seH6PuEyeg','2024-09-05 20:13:47.930108');
INSERT INTO "django_session" VALUES('odp12g4icultmqsedrv6mcncs1407ito','eyJfc2Vzc2lvbl9pbml0X3RpbWVzdGFtcF8iOjE3MjU1NzAxNDguNTQ1NjM0Mywic2Vzc2lvbl9rZXkiOnt9fQ:1smJca:nFOMhExQp4LctTlPptxnetT0yyE8nfw6EOhB3bVSgww','2024-09-05 21:15:48.554177');
INSERT INTO "django_session" VALUES('iz26muvph1koachp01czlvmvdhw77htw','.eJxVjMEOwiAQBf-Fc0NYKdD26N0vMIYssFrUQlPwYEz_3Zroweu8efNihUqJOdkbPdnwWhtmfySmWG2NE5WK02zZAGanlGmlEFyCFho2GR91tI9Ci42BDQzYH3Pob5Q-Q7hiumTuc6pLdPyj8O9a-CEHuu-_7l9gxDJubyQtd9AJ1RqhhfPiTOC07Kn1vlMUem2UMa6TygFA6D2iPmu_fYBCJ2iL-jzNuJC9x1LZcIRGntY3yV1S8A:1smKi1:zqgTpKdA6fgoNDnV0v1zENm-ghqdchxrdXSeQPE95Fk','2024-09-05 22:25:29.942146');
INSERT INTO "django_session" VALUES('7vw2yy0sogom7xubi472zris2wxbhx0x','eyJfc2Vzc2lvbl9pbml0X3RpbWVzdGFtcF8iOjE3MjU1NzUxNjcuMzQxMDg0Nywic2Vzc2lvbl9rZXkiOnt9fQ:1smKvX:AM4akkhYemo8hqi0h7k9tNtOCDejuPzE5znVi0TW0p0','2024-09-05 22:39:27.360385');
INSERT INTO "django_session" VALUES('35fixtczbwxlmi0ww3dob9xtwyab9q3g','.eJxVj8sOgyAURP-FdUNA5IIuu-83EB7XSq3YCC4a479XE7twO3PmJLMSkzHnOCUTUyymxBFzsePHkJarSkoFTCiqJWioxI0Yu5TeLBlnEwNpCSeXzFk_YDqK8LLpOVE_pTJHRw-Enm2mjyng-36yF0Fvc7-vLYKouGayVgyY86xD7kA0WHuvJYYGlFTKaSEd5zw03lrowO8bjkEz3KX_WwN-Sbtu2w_Q5kxK:1smL9a:Qe9qPzU6FpwVI9WJe4Qzq74lb-n24fat7Rlh3eG0Rh8','2024-09-05 22:53:58.746384');
INSERT INTO "django_session" VALUES('pbirzr86yambw22mgu7pe23236gqjisr','.eJxVjrkOwjAQRP9l68jyOvGVkp5vsHwsxBwOwqZAUf6dRIKCdua90SzgKtWa5-Jyyc21fKfa_P3hYEQtpNQarWCDVUr0soMffKU3jMvagfOvNrlXpafLCUZA-MuCj1cqe5EuvpxnFufSnjmwHWHftrLjnOh2-LJ_A5Ov02Z7Ur1Aw-WgueIh8hNhUL2lIUYjKVmlt6vB9DIgYrLRe3VScXOQkuEE6wddJUxK:1smLTQ:h8nEIAyH05_kyFwogOo2ZpNt8kukIWppDEsIz5nLDMM','2024-09-05 23:14:28.563128');
INSERT INTO "django_session" VALUES('ikb3zfv5h30qjd16x7lovqy5z5rseveu','.eJxVjDkOgzAUBe_ya2TZGC9Qps8ZLC-f4BBMhE0RIe6eIJGC9s3M28BkzDnOycQUiylxwlzs9DbQMVULoTSXLRG00ZTyCv7yiB_otr0CY9cymDXjYmKADhhcNmf9iOkA4WnTYyZ-TmWJjhwKOWkm9zng63a6l4PB5uFXW5S8ZpqKRlFJnac9Mid5i433WmBopRJKOc2FY4yF1lsre-l_DcOgKcL-BVdJTEI:1smLlI:DTEjmCIgjJZWfa6d8MVtnX3eGvI_hmxZhEab4mUFjLw','2024-09-05 23:32:56.259960');
INSERT INTO "django_session" VALUES('8mh3bhfhr5smfh5xtu04k0ptnixw4rn9','.eJxVjMsOgjAQRf9l1qbpAH2xdO83NH2MUpFiaFkYwr8riS7c3nPO3cAWKiXN2aacqq1polLd9LTQo2qEUKZpBePSaIHdCX7ySC_ot_0E1q11sGuhxaYIPSD8bd6FkfIB4t3l28zCnOuSPDsU9qWFXeZIj_PX_TsYXBk-tSPZNqi56BSX3Ad-JfSyNdSFoAVFI5VQyutWeESMJjgnrzJ8GqSoOcH-BlucTEg:1smLzH:hQ1Z5wyOVeRGlJWgY5QugNAX0m7YCYoxeIKMeOByHYA','2024-09-05 23:47:23.034653');
INSERT INTO "django_session" VALUES('qqoy0mtk5fc95g3jolacvrlxoabkwarf','.eJxVjr0OwjAMhN_FM4rilvy0IzvPEDmJSwM0RU0YEOq700owsNxw99l3b3CFS0lzdimn6mqauFSaHg56NI1SVkorhVRH2xzgh974Bf0bcJchLaW6TBNDDwTregBHzzq6Z-HFpbi5CH-ep3DjvAfxSvkyizDnuiQvdkR80yLOc-T76cv-PRipjHsZ67ZBu20zUksf5MDoddvxMQSrOHbaKGO8bZVHxNgFIj3osN0gRysZ1g-WqlLC:1smMD4:VX6uyTtsQGyYcJMtsiGXtHULlJ4w-sp08PsoBp1lF2U','2024-09-06 00:01:38.207549');
INSERT INTO "django_session" VALUES('glf5panjlmpo4uqgjht7dta682oysbxg','.eJxVjrFuwzAQQ__l5kDQ2TlJ9ti93yCcpHOtppYLSxmKwP9eG0iGLBzIR4IPqFJrXou_yR-MD8BTprzV5gsvAiMw7PsF_IvLJTff8iK18fLrYUTbEbkOe1LoiAgPmO9t9vcqm8_pmEB48wLHm5QzSN9cvlYV19K2HNSJqGda1eea5Ofjyb4NzFzn85mYvkOn6Wq10SHqSTCYfpBrjI4kDcaStcH1FBAxDZHZTCYeHZTktMD-DwF0Uvs:1smMu7:swVqL0HYtX5Nau23xJ2uaV6djo14Hd5ehzTlVTfzWv0','2024-09-06 00:46:07.983724');
INSERT INTO "django_session" VALUES('bv40pmerg97j8cgbq0oxpm94t1zh9fun','eyJfc2Vzc2lvbl9pbml0X3RpbWVzdGFtcF8iOjE3MjU2MjQ2NDYuMzAyNjI1Miwic2Vzc2lvbl9rZXkiOnt9fQ:1smXna:sIE2wOHPh1z-ez0DcX4h8vNBaTYrm3IzD4GoxLxe2eQ','2024-09-06 12:24:06.316622');
INSERT INTO "django_session" VALUES('97un3bv4mhue8mgodh20r3b31yitaqbb','.eJxVjDsOwyAQBe9CHSHWmMW4TJ8zID7rmHwgMriKcvfYkoukffNm3sy6tc12rbTYFNnIgJ1-N-_CnfIO4s3la-Gh5LYkz_cLP2jllxLpcT6-f4HZ1XmzHaHsYBCq1wKFD2Ii8CgN9SEMiqJBrbT2g1QeAKIJzuGEYXOA4iBoj1aqNZVsU07NtvSk2tzzZdkIukM0EhRyqYzcWp8vQxpGAw:1sr1lf:iDN1dejom2YN1PrnPjHL3D3fN3pGUhg1pYvtcv-8CM8','2024-09-18 21:12:39.594579');
INSERT INTO "django_session" VALUES('hpjdhbe1tjhpu28avixfr91qf3xz6kw9','eyJfc2Vzc2lvbl9pbml0X3RpbWVzdGFtcF8iOjE3MjY2OTkyNjYuMTIzMjY1NX0:1sr3MB:ZxVArKT4vGZ_46EZiKcAM_vZBiHMsxrv0110MdUC1XQ','2024-09-18 22:54:27.845489');
INSERT INTO "django_session" VALUES('hqj90vj9hdp3h4pnzk00elm2jc4pnkm8','.eJxVjDsOwyAQBe9CHSHWmI9dps8Z0ALrmHwgMriKcvfYkoukfTPz3szh2ma3VlpcimxkwE6_m8dwp7yDeMN8LTyU3Jbk-a7wg1Z-KZEe58P9O5ixzluNpGUHVqjeCC18EBOB13KgPgSrKA7aKGO8lcoDQBwCop502BqgaAXtp5VqTSW7lFNzLT2pNny-HBvBdNrKAaThvTJKqM8X_UFFxA:1srdkD:CdY7kD5DYzsJzuJeHCf6JB3v29dG3FOqvX2PV7xlJbs','2024-09-20 13:37:21.243506');
INSERT INTO "django_session" VALUES('6q1sff4abm7zdzx0zb8h5ymmha5f1rgt','eyJfc2Vzc2lvbl9pbml0X3RpbWVzdGFtcF8iOjE3MjY4Mzk1NDUuMTMzMzI1OH0:1srdqk:F0L7x8w4xLqLU1A3mQb5X2e1y0dIZw6qV6KiKufrQAY','2024-09-20 13:44:06.835275');
INSERT INTO "django_session" VALUES('4c101wr0l6f604culryeuxti0zfemlen','.eJxVjDsOwyAQBe9CHSHWmI9dps8Z0ALrmHwgMriKcvfYkoukfTPz3szh2ma3VlpcimxkwE6_m8dwp7yDeMN8LTyU3Jbk-a7wg1Z-KZEe58P9O5ixzluNpGUHVqjeCC18EBOB13KgPgSrKA7aKGO8lcoDQBwCop502BqgaAXtp5VqTSW7lFNzLT2pNny-HBvBdNr2QsmOi95KaT9f_MtFuw:1sre6h:G4vF8iPLArCuBU5m2ajbD4jbfckw4lCdQJ7CpqlF7WA','2024-09-20 14:00:35.678332');
INSERT INTO "django_session" VALUES('jo5kasm3d1wide4xdiw0235jp2i6b8la','eyJfc2Vzc2lvbl9pbml0X3RpbWVzdGFtcF8iOjE3MjY4NDA4MzcuMTQwODMzMX0:1sreBb:unszPxNfjdtsWzQvuMkZb3MXfXkPR0yI7GB9FAR82co','2024-09-20 14:05:39.073296');
INSERT INTO "django_session" VALUES('rfatmk06kkek4khvh48847we6iykpt32','.eJxVjLESwiAQBf-F2mECQThS2vsNzB0QgxpwAqkc_13jpND27b59Modrm9xa4-JSYAOT7PC7EfpbzBsIV8yXwn3JbUnEN4XvtPJzCfF-2t2_wIR1-ryNQB8MWjSSYtDYaT8CEkk0glADGOgBLGmlAuAYbT-qIwhpACWR_0ZrrDWV7FJOzbU0x9pwfjg2CCM1KKO04J21IOH1BmK9RtM:1srfuR:qxa_un-kHA_G_fJ0b9X0axtgyr06CuIK2q9Pad753R8','2024-09-20 15:56:03.837235');
INSERT INTO "django_session" VALUES('vfb0zny9a7k7mk8fk541ljbjeu0wyou9','.eJxVjMsOwiAUBf-FtSG8KV269xvIBW4tasEUujL-uzbpQrdn5syLeNj67LeGq8-JjESR0-8WIN6x7CDdoFwrjbX0NQe6K_SgjV5qwsf5cP8CM7T5-9YchoELkAp40gHlxJyanBIWmUKNUutkWNQJnY48WOukMBwiMMMQA-7Rhq3lWnwuufueF2wdlqcnI7fCDGrgxlFjlZDOvD9PFUYy:1srg5y:fYT4zfQMWObW4AOJvIWRy0i19l_7FSfwSGqO6CyeVfE','2024-09-20 16:07:58.442028');
INSERT INTO "django_session" VALUES('4bzaiy3rkdegrv7m1pe5srbni4qo0l0i','.eJxVjMsOwiAUBf-FtSFQ3l269xvIBW4tasEUujL-uzbpQrdn5syLeNj67LeGq8-JjESS0-8WIN6x7CDdoFwrjbX0NQe6K_SgjV5qwsf5cP8CM7T5-1YcrOUDCAk8qYBiYk5OTg4GmUSFQqmkWVQJnYo8GOPEoDlEYJohBtyjDVvLtfhccvc9L9g6LE9PRm4GbaW1TlPNObPCvD9PKkYu:1srgHb:C14q39WdOIAaDQGwrjf-tdbciDwKMrFBILHFJ8ceTuY','2024-09-20 16:19:59.949792');
INSERT INTO "django_session" VALUES('s78tg5lu60nso785mdwsaqoljpccaqoz','.eJxVjMsOwiAUBf-FtSFAeXbp3m8gF7i1qAVT6Mr479qkm27PzJwP8Q1by7X4XHL3PS_YOixvT0ZuhLbSCS6psFy7C_Gw9dlvDVefExmJJKctQHxi2UF6QLlXGmvpaw50V-hBG73VhK_r4Z4OZmjzv1YcrOUCBgk8qYDDxJycnBQGmUSFg1JJs6gSOhV5MMYNQnOIwDRDDEi-P5UoRb8:1srgN8:ebY5KtEIgE47FdNJZzXGVF-jPNDS2IgRrlGgeFt5Lk0','2024-09-20 16:25:42.405969');
INSERT INTO "django_session" VALUES('rol63f3of9xbwflo1laejszj1wecu5pv','.eJxVjMsOwiAUBf-FtSFAeXbp3m8gF7i1qAVT6Mr479qkm27PzJwP8Q1by7X4XHL3PS_YOixvT0ZuhLbSKW2otsJabS_Ew9ZnvzVcfU5kJJKctgDxiWUH6QHlXmmspa850F2hB230VhO-rod7Opihzf9acbCWCxgk8KQCDhNzcnJSGGQSFQ5KJc2iSuhU5MEYNwjNIQLTDDEg-f4AB9BGPg:1srgSs:Jpx46uMoFYXWnpkdRK1kK6zGpb0wcvQK58-Ont8E3uI','2024-09-20 16:48:18.814868');
INSERT INTO "django_session" VALUES('hnbs3jync4fil7g351zu0nskk34wrcc3','.eJxVjDsOwyAQBe9CHSHWNj-X6XMGtMA6Jh-IDK6i3D225CJp37yZN3O4ttmtlRaXIhsZsNPv5jHcKe8g3jBfCw8ltyV5vl_4QSu_lEiP8_H9C8xY581GUn0HRshBCyV8EBOBV72lIQQjKVqlpdbe9NIDQLQBUU0qbA5QNIL2aKVaU8ku5dRcS0-qDZ8vx0bQnTJbTAk-SKs7032-QzlGAA:1srkCZ:_MxRRv_53rKYlQ3TR7BOphWS9kFWNpHfVsi5qkDg3Dw','2024-09-20 22:06:03.558315');
INSERT INTO "django_session" VALUES('xajzk6szrxyl7ry38rgj8874v6tbj7gq','eyJfc2Vzc2lvbl9pbml0X3RpbWVzdGFtcF8iOjE3MjY5MjgyNTEuNzQxOTY5Nn0:1ss0vT:nBt8TmJvayQhYraijOCAyCTMlSVFSsKEMJmSK6qTkB8','2024-09-21 15:57:31.899139');
INSERT INTO "django_session" VALUES('5tuqi2lczgiqxkproohaejx9769z98m3','.eJxVjDsOwyAQBe9CHSHWmAW7TJ8zID7rmHwgMriKcvfYkoukfTPz3sy6tc12rbTYFNnIgJ1-N-_CnfIO4s3la-Gh5LYkz3eFH7TyS4n0OB_u38Hs6rzVjlB2YITqtUDhg5gIPMqB-hCMojigVlp7I5UHgDgE53DCsDVA0QjaTyvVmkq2KadmW3pSbe75smwE3WkQSqLkg8YOpfl8AUKURfc:1ssl07:kcntP1aVH3NoBMZdkZFgy2Z534PZnrWFYOsQ84Vq9kA','2024-09-23 17:09:23.996685');
INSERT INTO "django_session" VALUES('jj25ldmmof8qmfy3vb90eqhr2xkafnxo','eyJfc2Vzc2lvbl9pbml0X3RpbWVzdGFtcF8iOjE3MjcxMTIwNDQuNjM0NjQ3NH0:1ssmjs:mzn9GHlzMRtxCHKKcov0JMzx3MttzL0aroIu7Zsh67c','2024-09-23 19:00:44.812899');
INSERT INTO "django_session" VALUES('anutcq8th0kmsm0oxz7qfayqdximf1l9','.eJxVjDsOwyAQBe9CHSHW_GyX6XMGtMA6Jh-IDK6i3D225CJp38y8N3O4ttmtlRaXIhsZsNPv5jHcKe8g3jBfCw8ltyV5viv8oJVfSqTH-XD_Dmas81YjGdlBL7SywggfxETgjRxIhdBrioOx2lrfS-0BIA4B0UwmbA1Q7AXtp5VqTSW7lFNzLT2pNny-HBvBdlYKoZTkQnYWtPx8AUHsRd8:1stZkZ:piZ_Kf4QHc1hJRTI_vJldjJDFgU1hB4lsMPFdzYcRSM','2024-09-25 23:20:43.063547');
INSERT INTO "django_session" VALUES('v248ut9snu5gb5dv3evfy8v916xlrkus','.eJxVjDsOgzAQBe_iOrK8gHcNZfqcwfJnCc7HRNhUUe4ekGho38y8r7CFS0lztimnamt6c6nu_bFiAGqoVYgEkpDIoL4I69Y62bXwYlMUgwBx2rwLT847iA-X77MMc65L8nJX5EGLvM2RX9fDPR1Mrkxb7RjbBozSHSlUPqiRwWPbcxeC0Rx7JE3kTas9AMQ-OIcjhq0Bjkax-P0B-ZZGAQ:1stbNB:PZtQNL73Ossf1KWmEOiFECrY67WQOsRk_2t_MIeP5aU','2024-09-25 23:29:41.526092');
INSERT INTO "django_session" VALUES('jf5wxi25mikz2mi14xpggi0lziekq96e','.eJxVjDsOwyAQBe9CHSHWNiy4TJ8zID7rmHwgMriKcvfYkhu3b2bel9lKtaaSbcqp2ZbeVJt7fywbATvsBYpOcW0AccALs25ts10rLTZFNjJgp8278KS8g_hw-V54KLktyfNd4Qet_FYiva6HezqYXZ232pHqO9BCDiiU8EFMBF71hoYQtKRoFEpEr3vpASCa4JyaVNgaoKgFsd8f8_lF-Q:1stbSs:DxCNjbzMK6T3qLlKLfHJuw_yWhhiDX3AZsNJIF6DXsM','2024-09-25 23:35:34.980228');
INSERT INTO "django_session" VALUES('pl36bivnlzvovkyw7aegtt642j2kd04j','.eJxVjjsOwyAQRO9CHSHWmI9dps8Z0ALrmHwgMriKcvfYkhu38-aN5stcpVpTyS7l1FxLb6oN3x_HRjCdkcIY23FpBy0HuDCHa5vdWmlxKbKRATtlHsOT8g7iA_O98FByW5Lne4UftPJbifS6Ht3TwIx13mwkLTuwQvVGaOGDmAj89oD6EKyiOGijjPFWKg8AcQiIetJhc4CiFcR-f_eoRf4:1stbf2:hOoiezAuTRLXBd9KtK7jJt_VyndMGVitRS4j5EXQHdw','2024-09-25 23:48:08.275759');
INSERT INTO "django_session" VALUES('1gsvff29vjaiovgj5zw7u2di25wixs62','.eJxVjDsOwyAQBe9CHSHWmI9dps8Z0ALrmHwgMriKcvfYkhu3b2bel7lKtaaSXcqpuZbeVBu-P46NYDojhYUOuAKr7YU5XNvs1kqLS5GNDNhp8xielHcQH5jvhYeS25I83xV-0MpvJdLreringxnrvNVIWnZgheqN0MIHMRF4LQfqQ7CK4qCNMsZbqTwAxCEg6kmHrQGKVhD7_QGKg0WH:1stbkg:XgNx10wAGD96RMVb81TsJoU_LAMcZ71BYV3oRc92wsI','2024-09-26 00:38:58.257263');
INSERT INTO "django_session" VALUES('o8aa706c4d3lonaosaaeizsce1lky8eh','.eJxVjDkOwyAUBe9CHSE-mM1l-pwBsXzHZIHI4CrK3WNLbty-mXlf4hq2lmtxueTuen5j6_79cWQEzbUAEMpSrrXhIC_E-bXPbm24uJzISICctuDjE8sO0sOXe6Wxlr7kQHeFHrTRW034uh7u6WD2bd5qj0pwMEwOmikWIpsQghIWhxiNxGSVlloHI2QAgGSj92pScWsAk2FIfn_v9UXz:1stcat:doVG-YAdzVGDnEjZ8HOlseUsNPDiKCw7pnwHB33tXVU','2024-09-26 01:32:55.278146');
INSERT INTO "django_session" VALUES('pf3lodyb8cr6oh4ttr3rhpq3mdvipv2c','.eJxVjDsOwyAQBe9CHSHW4AVcps8ZEJ91TD44MriKcvfYkhu3b2bel7lKtea5uFxycy2_qTb__jg2gO60BKU0cmkBUekLc35tk1srLS4nNjBgpy34-KSyg_Tw5T7zOJe25MB3hR-08tuc6HU93NPB5Ou01Z5QdmBEr7RAEaIYCQJKSypG01OyqHutg5F9AIBko_c4YtwaoGQEsd8f9BZF-Q:1stdP0:MMTf5DNBTkNk3eckvBC0lFBvDvB_05dUlD5WthHExnM','2024-09-26 02:24:42.418423');
INSERT INTO "django_session" VALUES('tvlge8jbu0q2swciuv0pcdjx9ggmnzp8','.eJxVjDsOwyAQBe9CHSHWmAW7TJ8zID7rmHwgMriKcvfYkoukfTPz3sy6tc12rbTYFNnIgJ1-N-_CnfIO4s3la-Gh5LYkz3eFH7TyS4n0OB_u38Hs6rzVjlB2YITqtUDhg5gIPMqB-hCMojigVlp7I5UHgDgE53DCsDVA0QjaTyvVmkq2KadmW3pSbe75smwE3WmUCo3iaGQP5vMF_WxFyw:1suyxk:fkm6pjFIa3UUZMXL3ICPMVCxnkOv05lNPoMCN7mtUmw','2024-09-30 03:08:08.824438');
INSERT INTO "django_session" VALUES('82kp8hvqwnrsmrzwpr8qit7v1ggpnqx2','.eJxVjDsOwyAQBe9CHSHW5meX6XMGtMA6Jh-IDK6i3D225Mbtm5n3Za5Sralkl3JqrqU31Ybvj2MjmM4YkJ2QHAzY3toLc7i22a2VFpciGxmw0-YxPCnvID4w3wsPJbcleb4r_KCV30qk1_VwTwcz1nmrkXTfgRVKGqGFD2Ii8LofSIZgFcVBG2WMt73yABCHgKgnHbYGKFpB7PcH7yFF8g:1svJPq:AWWlzwD4yoxQ4CQYyJ5MZ3YfLz1-BHzPWadbEkQqFzQ','2024-10-01 00:58:30.794587');
CREATE UNIQUE INDEX "auth_group_permissions_group_id_permission_id_0cd325b0_uniq" ON "auth_group_permissions" ("group_id", "permission_id");
CREATE INDEX IF NOT EXISTS "auth_group_permissions_group_id_b120cbf9" ON "auth_group_permissions" ("group_id");
CREATE INDEX IF NOT EXISTS "auth_group_permissions_permission_id_84c5c92e" ON "auth_group_permissions" ("permission_id");
CREATE UNIQUE INDEX "auth_permission_content_type_id_codename_01ab375a_uniq" ON "auth_permission" ("content_type_id", "codename");
CREATE INDEX IF NOT EXISTS "auth_permission_content_type_id_2f476e4b" ON "auth_permission" ("content_type_id");
CREATE UNIQUE INDEX "auth_user_groups_user_id_group_id_94350c0c_uniq" ON "auth_user_groups" ("user_id", "group_id");
CREATE INDEX IF NOT EXISTS "auth_user_groups_user_id_6a12ed8b" ON "auth_user_groups" ("user_id");
CREATE INDEX IF NOT EXISTS "auth_user_groups_group_id_97559544" ON "auth_user_groups" ("group_id");
CREATE UNIQUE INDEX "auth_user_user_permissions_user_id_permission_id_14a6b632_uniq" ON "auth_user_user_permissions" ("user_id", "permission_id");
CREATE INDEX IF NOT EXISTS "auth_user_user_permissions_user_id_a95ead1b" ON "auth_user_user_permissions" ("user_id");
CREATE INDEX IF NOT EXISTS "auth_user_user_permissions_permission_id_1fbb5f2c" ON "auth_user_user_permissions" ("permission_id");
CREATE INDEX IF NOT EXISTS "django_admin_log_content_type_id_c4bce8eb" ON "django_admin_log" ("content_type_id");
CREATE INDEX IF NOT EXISTS "django_admin_log_user_id_c564eba6" ON "django_admin_log" ("user_id");
CREATE UNIQUE INDEX "django_content_type_app_label_model_76bd3d3b_uniq" ON "django_content_type" ("app_label", "model");
CREATE INDEX IF NOT EXISTS "django_session_expire_date_a5c62663" ON "django_session" ("expire_date");
CREATE INDEX IF NOT EXISTS "login_history_loginhistory_user_id_195fb57c" ON "login_history_loginhistory" ("user_id");
CREATE INDEX IF NOT EXISTS "django_apscheduler_djangojob_next_run_time_2f022619" ON "django_apscheduler_djangojob" ("next_run_time");
CREATE INDEX IF NOT EXISTS "django_apscheduler_djangojobexecution_run_time_16edd96b" ON "django_apscheduler_djangojobexecution" ("run_time");
CREATE INDEX IF NOT EXISTS "django_apscheduler_djangojobexecution_job_id_daf5090a" ON "django_apscheduler_djangojobexecution" ("job_id");
CREATE TABLE IF NOT EXISTS "django_site" ("id" integer NOT NULL PRIMARY KEY AUTOINCREMENT, "name" varchar(50) NOT NULL, "domain" varchar(100) NOT NULL UNIQUE);
INSERT INTO "django_site" VALUES(1,'example.com','example.com');
CREATE UNIQUE INDEX "auth_group_permissions_group_id_permission_id_0cd325b0_uniq" ON "auth_group_permissions" ("group_id", "permission_id");
CREATE INDEX IF NOT EXISTS "auth_group_permissions_group_id_b120cbf9" ON "auth_group_permissions" ("group_id");
CREATE INDEX IF NOT EXISTS "auth_group_permissions_permission_id_84c5c92e" ON "auth_group_permissions" ("permission_id");
CREATE UNIQUE INDEX "auth_permission_content_type_id_codename_01ab375a_uniq" ON "auth_permission" ("content_type_id", "codename");
CREATE INDEX IF NOT EXISTS "auth_permission_content_type_id_2f476e4b" ON "auth_permission" ("content_type_id");
CREATE UNIQUE INDEX "auth_user_groups_user_id_group_id_94350c0c_uniq" ON "auth_user_groups" ("user_id", "group_id");
CREATE INDEX IF NOT EXISTS "auth_user_groups_user_id_6a12ed8b" ON "auth_user_groups" ("user_id");
CREATE INDEX IF NOT EXISTS "auth_user_groups_group_id_97559544" ON "auth_user_groups" ("group_id");
CREATE UNIQUE INDEX "auth_user_user_permissions_user_id_permission_id_14a6b632_uniq" ON "auth_user_user_permissions" ("user_id", "permission_id");
CREATE INDEX IF NOT EXISTS "auth_user_user_permissions_user_id_a95ead1b" ON "auth_user_user_permissions" ("user_id");
CREATE INDEX IF NOT EXISTS "auth_user_user_permissions_permission_id_1fbb5f2c" ON "auth_user_user_permissions" ("permission_id");
CREATE INDEX IF NOT EXISTS "django_admin_log_content_type_id_c4bce8eb" ON "django_admin_log" ("content_type_id");
CREATE INDEX IF NOT EXISTS "django_admin_log_user_id_c564eba6" ON "django_admin_log" ("user_id");
CREATE UNIQUE INDEX "django_content_type_app_label_model_76bd3d3b_uniq" ON "django_content_type" ("app_label", "model");
CREATE INDEX IF NOT EXISTS "django_session_expire_date_a5c62663" ON "django_session" ("expire_date");
CREATE INDEX IF NOT EXISTS "login_history_loginhistory_user_id_195fb57c" ON "login_history_loginhistory" ("user_id");
CREATE INDEX IF NOT EXISTS "django_apscheduler_djangojob_next_run_time_2f022619" ON "django_apscheduler_djangojob" ("next_run_time");
CREATE INDEX IF NOT EXISTS "django_apscheduler_djangojobexecution_run_time_16edd96b" ON "django_apscheduler_djangojobexecution" ("run_time");
CREATE INDEX IF NOT EXISTS "django_apscheduler_djangojobexecution_job_id_daf5090a" ON "django_apscheduler_djangojobexecution" ("job_id");
CREATE TABLE IF NOT EXISTS "login_history_loginhistory" ("id" integer NOT NULL PRIMARY KEY AUTOINCREMENT, "user_agent" text NOT NULL, "date_time" datetime NOT NULL, "is_logged_in" bool NOT NULL, "user_id" integer NOT NULL REFERENCES "auth_user" ("id") DEFERRABLE INITIALLY DEFERRED, "is_login" bool NULL, "ip" varchar(39) NULL);
INSERT INTO "login_history_loginhistory" VALUES(1,'Mozilla/5.0 (Windows NT 10.0; Win64; x64) AppleWebKit/537.36 (KHTML, like Gecko) Chrome/111.0.0.0 Safari/537.36 OPR/97.0.0.0','2024-08-22 15:36:47.911618',0,1,1,'127.0.0.1');
INSERT INTO "login_history_loginhistory" VALUES(2,'Mozilla/5.0 (Windows NT 10.0; Win64; x64) AppleWebKit/537.36 (KHTML, like Gecko) Chrome/111.0.0.0 Safari/537.36 OPR/97.0.0.0','2024-08-22 15:47:12.592949',0,1,1,'127.0.0.1');
INSERT INTO "login_history_loginhistory" VALUES(3,'Mozilla/5.0 (Windows NT 10.0; Win64; x64) AppleWebKit/537.36 (KHTML, like Gecko) Chrome/111.0.0.0 Safari/537.36 OPR/97.0.0.0','2024-08-22 15:50:18.879398',0,1,1,'127.0.0.1');
INSERT INTO "login_history_loginhistory" VALUES(4,'Mozilla/5.0 (Windows NT 10.0; Win64; x64) AppleWebKit/537.36 (KHTML, like Gecko) Chrome/111.0.0.0 Safari/537.36 OPR/97.0.0.0','2024-08-22 17:00:53.505992',0,1,1,'127.0.0.1');
INSERT INTO "login_history_loginhistory" VALUES(5,'Mozilla/5.0 (Windows NT 10.0; Win64; x64) AppleWebKit/537.36 (KHTML, like Gecko) Chrome/111.0.0.0 Safari/537.36 OPR/97.0.0.0','2024-08-22 17:03:24.509337',0,1,1,'127.0.0.1');
INSERT INTO "login_history_loginhistory" VALUES(6,'Mozilla/5.0 (Windows NT 10.0; Win64; x64) AppleWebKit/537.36 (KHTML, like Gecko) Chrome/111.0.0.0 Safari/537.36 OPR/97.0.0.0','2024-08-22 17:04:14.148235',0,1,0,'127.0.0.1');
INSERT INTO "login_history_loginhistory" VALUES(7,'Mozilla/5.0 (Windows NT 10.0; Win64; x64) AppleWebKit/537.36 (KHTML, like Gecko) Chrome/111.0.0.0 Safari/537.36 OPR/97.0.0.0','2024-08-22 17:04:49.930562',0,2,1,'127.0.0.1');
INSERT INTO "login_history_loginhistory" VALUES(8,'Mozilla/5.0 (Windows NT 10.0; Win64; x64) AppleWebKit/537.36 (KHTML, like Gecko) Chrome/111.0.0.0 Safari/537.36 OPR/97.0.0.0','2024-08-22 17:04:56.608821',0,2,0,'127.0.0.1');
INSERT INTO "login_history_loginhistory" VALUES(11,'Mozilla/5.0 (Windows NT 10.0; Win64; x64) AppleWebKit/537.36 (KHTML, like Gecko) Chrome/111.0.0.0 Safari/537.36 OPR/97.0.0.0','2024-08-22 17:05:48.801866',0,2,1,'127.0.0.1');
INSERT INTO "login_history_loginhistory" VALUES(12,'Mozilla/5.0 (Windows NT 10.0; Win64; x64) AppleWebKit/537.36 (KHTML, like Gecko) Chrome/111.0.0.0 Safari/537.36 OPR/97.0.0.0','2024-08-22 17:05:54.717920',0,2,0,'127.0.0.1');
INSERT INTO "login_history_loginhistory" VALUES(13,'Mozilla/5.0 (Windows NT 10.0; Win64; x64) AppleWebKit/537.36 (KHTML, like Gecko) Chrome/111.0.0.0 Safari/537.36 OPR/97.0.0.0','2024-08-22 23:03:41.123274',0,1,1,'127.0.0.1');
INSERT INTO "login_history_loginhistory" VALUES(14,'Mozilla/5.0 (Windows NT 10.0; Win64; x64) AppleWebKit/537.36 (KHTML, like Gecko) Chrome/111.0.0.0 Safari/537.36 OPR/97.0.0.0','2024-08-22 23:12:14.348926',0,2,1,'127.0.0.1');
INSERT INTO "login_history_loginhistory" VALUES(15,'Mozilla/5.0 (Windows NT 10.0; Win64; x64) AppleWebKit/537.36 (KHTML, like Gecko) Chrome/111.0.0.0 Safari/537.36 OPR/97.0.0.0','2024-08-22 23:14:27.340726',0,2,1,'127.0.0.1');
INSERT INTO "login_history_loginhistory" VALUES(16,'Mozilla/5.0 (Windows NT 10.0; Win64; x64) AppleWebKit/537.36 (KHTML, like Gecko) Chrome/111.0.0.0 Safari/537.36 OPR/97.0.0.0','2024-08-22 23:14:40.285640',0,2,0,'127.0.0.1');
INSERT INTO "login_history_loginhistory" VALUES(17,'Mozilla/5.0 (Windows NT 10.0; Win64; x64) AppleWebKit/537.36 (KHTML, like Gecko) Chrome/111.0.0.0 Safari/537.36 OPR/97.0.0.0','2024-08-22 23:15:02.717369',0,1,1,'127.0.0.1');
INSERT INTO "login_history_loginhistory" VALUES(18,'Mozilla/5.0 (Windows NT 10.0; Win64; x64) AppleWebKit/537.36 (KHTML, like Gecko) Chrome/111.0.0.0 Safari/537.36 OPR/97.0.0.0','2024-08-22 23:22:24.247964',0,2,1,'127.0.0.1');
INSERT INTO "login_history_loginhistory" VALUES(19,'Mozilla/5.0 (Windows NT 10.0; Win64; x64) AppleWebKit/537.36 (KHTML, like Gecko) Chrome/111.0.0.0 Safari/537.36 OPR/97.0.0.0','2024-08-22 23:29:50.866639',0,2,1,'127.0.0.1');
INSERT INTO "login_history_loginhistory" VALUES(20,'Mozilla/5.0 (Windows NT 10.0; Win64; x64) AppleWebKit/537.36 (KHTML, like Gecko) Chrome/111.0.0.0 Safari/537.36 OPR/97.0.0.0','2024-08-22 23:33:28.270543',0,2,1,'127.0.0.1');
INSERT INTO "login_history_loginhistory" VALUES(21,'Mozilla/5.0 (Windows NT 10.0; Win64; x64) AppleWebKit/537.36 (KHTML, like Gecko) Chrome/111.0.0.0 Safari/537.36 OPR/97.0.0.0','2024-08-22 23:35:31.325818',0,1,1,'127.0.0.1');
INSERT INTO "login_history_loginhistory" VALUES(22,'Mozilla/5.0 (Windows NT 10.0; Win64; x64) AppleWebKit/537.36 (KHTML, like Gecko) Chrome/111.0.0.0 Safari/537.36 OPR/97.0.0.0','2024-08-22 23:37:53.554572',0,2,1,'127.0.0.1');
INSERT INTO "login_history_loginhistory" VALUES(23,'Mozilla/5.0 (Windows NT 10.0; Win64; x64) AppleWebKit/537.36 (KHTML, like Gecko) Chrome/111.0.0.0 Safari/537.36 OPR/97.0.0.0','2024-08-22 23:40:36.790546',0,2,1,'127.0.0.1');
INSERT INTO "login_history_loginhistory" VALUES(24,'Mozilla/5.0 (Windows NT 10.0; Win64; x64) AppleWebKit/537.36 (KHTML, like Gecko) Chrome/111.0.0.0 Safari/537.36 OPR/97.0.0.0','2024-08-22 23:45:36.107920',0,2,1,'127.0.0.1');
INSERT INTO "login_history_loginhistory" VALUES(25,'Mozilla/5.0 (Windows NT 10.0; Win64; x64) AppleWebKit/537.36 (KHTML, like Gecko) Chrome/111.0.0.0 Safari/537.36 OPR/97.0.0.0','2024-08-23 14:01:10.646904',0,1,1,'127.0.0.1');
INSERT INTO "login_history_loginhistory" VALUES(26,'Mozilla/5.0 (Windows NT 10.0; Win64; x64) AppleWebKit/537.36 (KHTML, like Gecko) Chrome/111.0.0.0 Safari/537.36 OPR/97.0.0.0','2024-08-23 14:06:12.015727',0,1,1,'127.0.0.1');
INSERT INTO "login_history_loginhistory" VALUES(27,'Mozilla/5.0 (Windows NT 10.0; Win64; x64) AppleWebKit/537.36 (KHTML, like Gecko) Chrome/111.0.0.0 Safari/537.36 OPR/97.0.0.0','2024-08-23 14:10:58.283923',0,1,1,'127.0.0.1');
INSERT INTO "login_history_loginhistory" VALUES(28,'Mozilla/5.0 (Windows NT 10.0; Win64; x64) AppleWebKit/537.36 (KHTML, like Gecko) Chrome/111.0.0.0 Safari/537.36 OPR/97.0.0.0','2024-08-23 14:13:15.950576',0,1,1,'127.0.0.1');
INSERT INTO "login_history_loginhistory" VALUES(29,'Mozilla/5.0 (Windows NT 10.0; Win64; x64) AppleWebKit/537.36 (KHTML, like Gecko) Chrome/111.0.0.0 Safari/537.36 OPR/97.0.0.0','2024-08-23 14:16:11.146044',0,1,1,'127.0.0.1');
INSERT INTO "login_history_loginhistory" VALUES(30,'Mozilla/5.0 (Windows NT 10.0; Win64; x64) AppleWebKit/537.36 (KHTML, like Gecko) Chrome/111.0.0.0 Safari/537.36 OPR/97.0.0.0','2024-08-23 14:18:26.285564',0,1,1,'127.0.0.1');
INSERT INTO "login_history_loginhistory" VALUES(31,'Mozilla/5.0 (Windows NT 10.0; Win64; x64) AppleWebKit/537.36 (KHTML, like Gecko) Chrome/111.0.0.0 Safari/537.36 OPR/97.0.0.0','2024-08-23 14:22:17.751486',0,1,1,'127.0.0.1');
INSERT INTO "login_history_loginhistory" VALUES(32,'Mozilla/5.0 (Windows NT 10.0; Win64; x64) AppleWebKit/537.36 (KHTML, like Gecko) Chrome/111.0.0.0 Safari/537.36 OPR/97.0.0.0','2024-08-23 14:23:50.919460',0,1,1,'127.0.0.1');
INSERT INTO "login_history_loginhistory" VALUES(33,'Mozilla/5.0 (Windows NT 10.0; Win64; x64) AppleWebKit/537.36 (KHTML, like Gecko) Chrome/111.0.0.0 Safari/537.36 OPR/97.0.0.0','2024-08-23 14:26:12.779716',0,1,1,'127.0.0.1');
INSERT INTO "login_history_loginhistory" VALUES(34,'Mozilla/5.0 (Windows NT 10.0; Win64; x64) AppleWebKit/537.36 (KHTML, like Gecko) Chrome/111.0.0.0 Safari/537.36 OPR/97.0.0.0','2024-08-23 14:29:52.958425',0,1,1,'127.0.0.1');
INSERT INTO "login_history_loginhistory" VALUES(35,'Mozilla/5.0 (Windows NT 10.0; Win64; x64) AppleWebKit/537.36 (KHTML, like Gecko) Chrome/111.0.0.0 Safari/537.36 OPR/97.0.0.0','2024-08-23 14:39:30.641043',0,1,1,'127.0.0.1');
INSERT INTO "login_history_loginhistory" VALUES(36,'Mozilla/5.0 (Windows NT 10.0; Win64; x64) AppleWebKit/537.36 (KHTML, like Gecko) Chrome/111.0.0.0 Safari/537.36 OPR/97.0.0.0','2024-08-23 14:48:18.675352',0,1,1,'127.0.0.1');
INSERT INTO "login_history_loginhistory" VALUES(37,'Mozilla/5.0 (Windows NT 10.0; Win64; x64) AppleWebKit/537.36 (KHTML, like Gecko) Chrome/111.0.0.0 Safari/537.36 OPR/97.0.0.0','2024-08-23 15:33:01.159492',0,1,1,'127.0.0.1');
INSERT INTO "login_history_loginhistory" VALUES(38,'Mozilla/5.0 (Linux; Android 6.0; Nexus 5 Build/MRA58N) AppleWebKit/537.36 (KHTML, like Gecko) Chrome/111.0.0.0 Mobile Safari/537.36','2024-08-23 15:38:24.926384',1,1,1,'127.0.0.1');
INSERT INTO "login_history_loginhistory" VALUES(39,'Mozilla/5.0 (Linux; Android 6.0; Nexus 5 Build/MRA58N) AppleWebKit/537.36 (KHTML, like Gecko) Chrome/111.0.0.0 Mobile Safari/537.36','2024-08-23 15:43:27.923471',1,1,1,'127.0.0.1');
INSERT INTO "login_history_loginhistory" VALUES(40,'Mozilla/5.0 (Linux; Android 6.0; Nexus 5 Build/MRA58N) AppleWebKit/537.36 (KHTML, like Gecko) Chrome/111.0.0.0 Mobile Safari/537.36','2024-08-23 15:49:31.800122',1,1,1,'127.0.0.1');
INSERT INTO "login_history_loginhistory" VALUES(41,'Mozilla/5.0 (Windows NT 10.0; Win64; x64) AppleWebKit/537.36 (KHTML, like Gecko) Chrome/111.0.0.0 Safari/537.36 OPR/97.0.0.0','2024-08-23 20:15:51.115745',0,1,1,'127.0.0.1');
INSERT INTO "login_history_loginhistory" VALUES(42,'Mozilla/5.0 (Windows NT 10.0; Win64; x64) AppleWebKit/537.36 (KHTML, like Gecko) Chrome/111.0.0.0 Safari/537.36 OPR/97.0.0.0','2024-08-23 20:47:08.262618',0,1,1,'127.0.0.1');
INSERT INTO "login_history_loginhistory" VALUES(43,'Mozilla/5.0 (Linux; Android 6.0; Nexus 5 Build/MRA58N) AppleWebKit/537.36 (KHTML, like Gecko) Chrome/111.0.0.0 Mobile Safari/537.36','2024-08-23 20:52:55.345398',1,1,1,'127.0.0.1');
INSERT INTO "login_history_loginhistory" VALUES(44,'Mozilla/5.0 (Linux; Android 6.0; Nexus 5 Build/MRA58N) AppleWebKit/537.36 (KHTML, like Gecko) Chrome/111.0.0.0 Mobile Safari/537.36','2024-08-23 21:15:42.543538',1,1,1,'127.0.0.1');
INSERT INTO "login_history_loginhistory" VALUES(45,'Mozilla/5.0 (Linux; Android 6.0; Nexus 5 Build/MRA58N) AppleWebKit/537.36 (KHTML, like Gecko) Chrome/111.0.0.0 Mobile Safari/537.36','2024-08-23 21:30:25.727973',1,1,1,'127.0.0.1');
INSERT INTO "login_history_loginhistory" VALUES(46,'Mozilla/5.0 (Linux; Android 6.0; Nexus 5 Build/MRA58N) AppleWebKit/537.36 (KHTML, like Gecko) Chrome/111.0.0.0 Mobile Safari/537.36','2024-08-23 21:37:50.671947',1,1,1,'127.0.0.1');
INSERT INTO "login_history_loginhistory" VALUES(47,'Mozilla/5.0 (Linux; Android 6.0; Nexus 5 Build/MRA58N) AppleWebKit/537.36 (KHTML, like Gecko) Chrome/111.0.0.0 Mobile Safari/537.36','2024-08-23 21:42:36.800689',1,1,1,'127.0.0.1');
INSERT INTO "login_history_loginhistory" VALUES(48,'Mozilla/5.0 (Windows NT 10.0; Win64; x64) AppleWebKit/537.36 (KHTML, like Gecko) Chrome/111.0.0.0 Safari/537.36 OPR/97.0.0.0','2024-08-23 21:48:51.297484',0,1,1,'127.0.0.1');
INSERT INTO "login_history_loginhistory" VALUES(49,'Mozilla/5.0 (Windows NT 10.0; Win64; x64) AppleWebKit/537.36 (KHTML, like Gecko) Chrome/111.0.0.0 Safari/537.36 OPR/97.0.0.0','2024-08-23 21:54:51.167062',0,1,1,'127.0.0.1');
INSERT INTO "login_history_loginhistory" VALUES(50,'Mozilla/5.0 (Windows NT 10.0; Win64; x64) AppleWebKit/537.36 (KHTML, like Gecko) Chrome/111.0.0.0 Safari/537.36 OPR/97.0.0.0','2024-08-26 12:59:30.053070',0,1,1,'127.0.0.1');
INSERT INTO "login_history_loginhistory" VALUES(51,'Mozilla/5.0 (Windows NT 10.0; Win64; x64) AppleWebKit/537.36 (KHTML, like Gecko) Chrome/111.0.0.0 Safari/537.36 OPR/97.0.0.0','2024-08-26 13:02:36.209112',0,1,1,'127.0.0.1');
INSERT INTO "login_history_loginhistory" VALUES(52,'Mozilla/5.0 (Windows NT 10.0; Win64; x64) AppleWebKit/537.36 (KHTML, like Gecko) Chrome/111.0.0.0 Safari/537.36 OPR/97.0.0.0','2024-08-26 13:08:02.006145',0,1,1,'127.0.0.1');
INSERT INTO "login_history_loginhistory" VALUES(53,'Mozilla/5.0 (Windows NT 10.0; Win64; x64) AppleWebKit/537.36 (KHTML, like Gecko) Chrome/111.0.0.0 Safari/537.36 OPR/97.0.0.0','2024-08-26 13:13:15.182432',0,1,1,'127.0.0.1');
INSERT INTO "login_history_loginhistory" VALUES(54,'Mozilla/5.0 (Windows NT 10.0; Win64; x64) AppleWebKit/537.36 (KHTML, like Gecko) Chrome/111.0.0.0 Safari/537.36 OPR/97.0.0.0','2024-08-26 13:18:33.973653',0,1,1,'127.0.0.1');
INSERT INTO "login_history_loginhistory" VALUES(55,'Mozilla/5.0 (Windows NT 10.0; Win64; x64) AppleWebKit/537.36 (KHTML, like Gecko) Chrome/111.0.0.0 Safari/537.36 OPR/97.0.0.0','2024-08-26 13:25:13.790914',0,1,1,'127.0.0.1');
INSERT INTO "login_history_loginhistory" VALUES(56,'Mozilla/5.0 (Windows NT 10.0; Win64; x64) AppleWebKit/537.36 (KHTML, like Gecko) Chrome/111.0.0.0 Safari/537.36 OPR/97.0.0.0','2024-08-26 13:31:43.859861',0,1,1,'127.0.0.1');
INSERT INTO "login_history_loginhistory" VALUES(57,'Mozilla/5.0 (Windows NT 10.0; Win64; x64) AppleWebKit/537.36 (KHTML, like Gecko) Chrome/111.0.0.0 Safari/537.36 OPR/97.0.0.0','2024-08-26 13:38:18.176982',0,1,1,'127.0.0.1');
INSERT INTO "login_history_loginhistory" VALUES(58,'Mozilla/5.0 (Windows NT 10.0; Win64; x64) AppleWebKit/537.36 (KHTML, like Gecko) Chrome/111.0.0.0 Safari/537.36 OPR/97.0.0.0','2024-08-26 13:47:24.212868',0,1,1,'127.0.0.1');
INSERT INTO "login_history_loginhistory" VALUES(59,'Mozilla/5.0 (Windows NT 10.0; Win64; x64) AppleWebKit/537.36 (KHTML, like Gecko) Chrome/111.0.0.0 Safari/537.36 OPR/97.0.0.0','2024-08-26 13:51:35.248826',0,1,1,'127.0.0.1');
INSERT INTO "login_history_loginhistory" VALUES(60,'Mozilla/5.0 (Windows NT 10.0; Win64; x64) AppleWebKit/537.36 (KHTML, like Gecko) Chrome/111.0.0.0 Safari/537.36 OPR/97.0.0.0','2024-08-26 14:01:06.651294',0,1,1,'127.0.0.1');
INSERT INTO "login_history_loginhistory" VALUES(61,'Mozilla/5.0 (Windows NT 10.0; Win64; x64) AppleWebKit/537.36 (KHTML, like Gecko) Chrome/111.0.0.0 Safari/537.36 OPR/97.0.0.0','2024-08-26 14:16:48.333792',0,1,1,'127.0.0.1');
INSERT INTO "login_history_loginhistory" VALUES(62,'Mozilla/5.0 (Windows NT 10.0; Win64; x64) AppleWebKit/537.36 (KHTML, like Gecko) Chrome/111.0.0.0 Safari/537.36 OPR/97.0.0.0','2024-08-26 14:48:51.939814',0,1,1,'127.0.0.1');
INSERT INTO "login_history_loginhistory" VALUES(63,'Mozilla/5.0 (Windows NT 10.0; Win64; x64) AppleWebKit/537.36 (KHTML, like Gecko) Chrome/111.0.0.0 Safari/537.36 OPR/97.0.0.0','2024-08-26 15:04:12.084627',0,1,1,'127.0.0.1');
INSERT INTO "login_history_loginhistory" VALUES(64,'Mozilla/5.0 (Windows NT 10.0; Win64; x64) AppleWebKit/537.36 (KHTML, like Gecko) Chrome/111.0.0.0 Safari/537.36 OPR/97.0.0.0','2024-08-27 08:25:17.581321',0,1,1,'127.0.0.1');
INSERT INTO "login_history_loginhistory" VALUES(65,'Mozilla/5.0 (Windows NT 10.0; Win64; x64) AppleWebKit/537.36 (KHTML, like Gecko) Chrome/111.0.0.0 Safari/537.36 OPR/97.0.0.0','2024-08-27 08:34:30.880913',0,1,0,'127.0.0.1');
INSERT INTO "login_history_loginhistory" VALUES(66,'Mozilla/5.0 (Windows NT 10.0; Win64; x64) AppleWebKit/537.36 (KHTML, like Gecko) Chrome/111.0.0.0 Safari/537.36 OPR/97.0.0.0','2024-08-27 08:34:48.055250',0,1,1,'127.0.0.1');
INSERT INTO "login_history_loginhistory" VALUES(67,'Mozilla/5.0 (Windows NT 10.0; Win64; x64) AppleWebKit/537.36 (KHTML, like Gecko) Chrome/111.0.0.0 Safari/537.36 OPR/97.0.0.0','2024-08-27 08:34:58.459685',0,1,0,'127.0.0.1');
INSERT INTO "login_history_loginhistory" VALUES(68,'Mozilla/5.0 (Windows NT 10.0; Win64; x64) AppleWebKit/537.36 (KHTML, like Gecko) Chrome/111.0.0.0 Safari/537.36 OPR/97.0.0.0','2024-08-27 08:35:16.962672',0,1,1,'127.0.0.1');
INSERT INTO "login_history_loginhistory" VALUES(69,'Mozilla/5.0 (Windows NT 10.0; Win64; x64) AppleWebKit/537.36 (KHTML, like Gecko) Chrome/111.0.0.0 Safari/537.36 OPR/97.0.0.0','2024-08-27 08:52:14.128700',0,1,1,'127.0.0.1');
INSERT INTO "login_history_loginhistory" VALUES(70,'Mozilla/5.0 (Windows NT 10.0; Win64; x64) AppleWebKit/537.36 (KHTML, like Gecko) Chrome/111.0.0.0 Safari/537.36 OPR/97.0.0.0','2024-08-27 09:05:48.305095',0,1,1,'127.0.0.1');
INSERT INTO "login_history_loginhistory" VALUES(71,'Mozilla/5.0 (Windows NT 10.0; Win64; x64) AppleWebKit/537.36 (KHTML, like Gecko) Chrome/111.0.0.0 Safari/537.36 OPR/97.0.0.0','2024-08-27 09:19:23.063776',0,1,1,'127.0.0.1');
INSERT INTO "login_history_loginhistory" VALUES(72,'Mozilla/5.0 (Windows NT 10.0; Win64; x64) AppleWebKit/537.36 (KHTML, like Gecko) Chrome/111.0.0.0 Safari/537.36 OPR/97.0.0.0','2024-08-27 09:37:14.001603',0,1,1,'127.0.0.1');
INSERT INTO "login_history_loginhistory" VALUES(73,'Mozilla/5.0 (Windows NT 10.0; Win64; x64) AppleWebKit/537.36 (KHTML, like Gecko) Chrome/111.0.0.0 Safari/537.36 OPR/97.0.0.0','2024-08-27 09:53:45.673631',0,1,1,'127.0.0.1');
INSERT INTO "login_history_loginhistory" VALUES(74,'Mozilla/5.0 (Windows NT 10.0; Win64; x64) AppleWebKit/537.36 (KHTML, like Gecko) Chrome/111.0.0.0 Safari/537.36 OPR/97.0.0.0','2024-08-27 10:07:42.429459',0,1,1,'127.0.0.1');
INSERT INTO "login_history_loginhistory" VALUES(75,'Mozilla/5.0 (Windows NT 10.0; Win64; x64) AppleWebKit/537.36 (KHTML, like Gecko) Chrome/111.0.0.0 Safari/537.36 OPR/97.0.0.0','2024-08-27 10:25:17.563033',0,1,1,'127.0.0.1');
INSERT INTO "login_history_loginhistory" VALUES(76,'Mozilla/5.0 (Windows NT 10.0; Win64; x64) AppleWebKit/537.36 (KHTML, like Gecko) Chrome/111.0.0.0 Safari/537.36 OPR/97.0.0.0','2024-08-27 10:38:18.921817',0,1,1,'127.0.0.1');
INSERT INTO "login_history_loginhistory" VALUES(77,'Mozilla/5.0 (Windows NT 10.0; Win64; x64) AppleWebKit/537.36 (KHTML, like Gecko) Chrome/111.0.0.0 Safari/537.36 OPR/97.0.0.0','2024-08-27 10:52:22.641735',0,1,1,'127.0.0.1');
INSERT INTO "login_history_loginhistory" VALUES(78,'Mozilla/5.0 (Windows NT 10.0; Win64; x64) AppleWebKit/537.36 (KHTML, like Gecko) Chrome/111.0.0.0 Safari/537.36 OPR/97.0.0.0','2024-08-27 10:58:48.252872',0,1,1,'127.0.0.1');
INSERT INTO "login_history_loginhistory" VALUES(79,'Mozilla/5.0 (Windows NT 10.0; Win64; x64) AppleWebKit/537.36 (KHTML, like Gecko) Chrome/111.0.0.0 Safari/537.36 OPR/97.0.0.0','2024-08-27 11:25:09.883991',0,1,1,'127.0.0.1');
INSERT INTO "login_history_loginhistory" VALUES(80,'Mozilla/5.0 (Windows NT 10.0; Win64; x64) AppleWebKit/537.36 (KHTML, like Gecko) Chrome/111.0.0.0 Safari/537.36 OPR/97.0.0.0','2024-08-27 19:19:21.611629',0,1,1,'127.0.0.1');
INSERT INTO "login_history_loginhistory" VALUES(81,'Mozilla/5.0 (Windows NT 10.0; Win64; x64) AppleWebKit/537.36 (KHTML, like Gecko) Chrome/111.0.0.0 Safari/537.36 OPR/97.0.0.0','2024-08-27 19:40:54.936952',0,1,1,'127.0.0.1');
INSERT INTO "login_history_loginhistory" VALUES(82,'Mozilla/5.0 (Windows NT 10.0; Win64; x64) AppleWebKit/537.36 (KHTML, like Gecko) Chrome/111.0.0.0 Safari/537.36 OPR/97.0.0.0','2024-08-27 19:56:49.753914',0,1,1,'127.0.0.1');
INSERT INTO "login_history_loginhistory" VALUES(83,'Mozilla/5.0 (Windows NT 10.0; Win64; x64) AppleWebKit/537.36 (KHTML, like Gecko) Chrome/111.0.0.0 Safari/537.36 OPR/97.0.0.0','2024-08-27 20:32:46.670069',0,1,1,'127.0.0.1');
INSERT INTO "login_history_loginhistory" VALUES(84,'Mozilla/5.0 (Windows NT 10.0; Win64; x64) AppleWebKit/537.36 (KHTML, like Gecko) Chrome/111.0.0.0 Safari/537.36 OPR/97.0.0.0','2024-08-27 20:55:32.262736',0,1,1,'127.0.0.1');
INSERT INTO "login_history_loginhistory" VALUES(85,'Mozilla/5.0 (Windows NT 10.0; Win64; x64) AppleWebKit/537.36 (KHTML, like Gecko) Chrome/111.0.0.0 Safari/537.36 OPR/97.0.0.0','2024-08-27 21:03:12.484596',0,1,1,'127.0.0.1');
INSERT INTO "login_history_loginhistory" VALUES(86,'Mozilla/5.0 (Windows NT 10.0; Win64; x64) AppleWebKit/537.36 (KHTML, like Gecko) Chrome/111.0.0.0 Safari/537.36 OPR/97.0.0.0','2024-08-27 21:27:46.767371',0,1,1,'127.0.0.1');
INSERT INTO "login_history_loginhistory" VALUES(87,'Mozilla/5.0 (Windows NT 10.0; Win64; x64) AppleWebKit/537.36 (KHTML, like Gecko) Chrome/111.0.0.0 Safari/537.36 OPR/97.0.0.0','2024-08-27 21:36:44.891300',0,1,1,'127.0.0.1');
INSERT INTO "login_history_loginhistory" VALUES(88,'Mozilla/5.0 (Windows NT 10.0; Win64; x64) AppleWebKit/537.36 (KHTML, like Gecko) Chrome/111.0.0.0 Safari/537.36 OPR/97.0.0.0','2024-08-27 21:53:03.516346',0,1,1,'127.0.0.1');
INSERT INTO "login_history_loginhistory" VALUES(89,'Mozilla/5.0 (Windows NT 10.0; Win64; x64) AppleWebKit/537.36 (KHTML, like Gecko) Chrome/111.0.0.0 Safari/537.36 OPR/97.0.0.0','2024-08-27 22:17:12.612037',0,1,1,'127.0.0.1');
INSERT INTO "login_history_loginhistory" VALUES(90,'Mozilla/5.0 (Windows NT 10.0; Win64; x64) AppleWebKit/537.36 (KHTML, like Gecko) Chrome/111.0.0.0 Safari/537.36 OPR/97.0.0.0','2024-08-27 22:30:05.349065',0,1,1,'127.0.0.1');
INSERT INTO "login_history_loginhistory" VALUES(91,'Mozilla/5.0 (Windows NT 10.0; Win64; x64) AppleWebKit/537.36 (KHTML, like Gecko) Chrome/111.0.0.0 Safari/537.36 OPR/97.0.0.0','2024-08-27 22:44:01.704859',0,1,1,'127.0.0.1');
INSERT INTO "login_history_loginhistory" VALUES(92,'Mozilla/5.0 (Windows NT 10.0; Win64; x64) AppleWebKit/537.36 (KHTML, like Gecko) Chrome/111.0.0.0 Safari/537.36 OPR/97.0.0.0','2024-08-27 22:54:05.130251',0,1,0,'127.0.0.1');
INSERT INTO "login_history_loginhistory" VALUES(93,'Mozilla/5.0 (Windows NT 10.0; Win64; x64) AppleWebKit/537.36 (KHTML, like Gecko) Chrome/111.0.0.0 Safari/537.36 OPR/97.0.0.0','2024-08-29 09:20:24.392984',0,1,1,'127.0.0.1');
INSERT INTO "login_history_loginhistory" VALUES(94,'Mozilla/5.0 (Windows NT 10.0; Win64; x64) AppleWebKit/537.36 (KHTML, like Gecko) Chrome/111.0.0.0 Safari/537.36 OPR/97.0.0.0','2024-08-29 09:37:25.470645',0,1,1,'127.0.0.1');
INSERT INTO "login_history_loginhistory" VALUES(95,'Mozilla/5.0 (Windows NT 10.0; Win64; x64) AppleWebKit/537.36 (KHTML, like Gecko) Chrome/111.0.0.0 Safari/537.36 OPR/97.0.0.0','2024-08-29 09:56:12.846639',0,1,1,'127.0.0.1');
INSERT INTO "login_history_loginhistory" VALUES(96,'Mozilla/5.0 (Windows NT 10.0; Win64; x64) AppleWebKit/537.36 (KHTML, like Gecko) Chrome/111.0.0.0 Safari/537.36 OPR/97.0.0.0','2024-08-29 10:10:48.667470',0,1,1,'127.0.0.1');
INSERT INTO "login_history_loginhistory" VALUES(97,'Mozilla/5.0 (Windows NT 10.0; Win64; x64) AppleWebKit/537.36 (KHTML, like Gecko) Chrome/111.0.0.0 Safari/537.36 OPR/97.0.0.0','2024-08-29 10:24:22.112965',0,1,1,'127.0.0.1');
INSERT INTO "login_history_loginhistory" VALUES(98,'Mozilla/5.0 (Windows NT 10.0; Win64; x64) AppleWebKit/537.36 (KHTML, like Gecko) Chrome/111.0.0.0 Safari/537.36 OPR/97.0.0.0','2024-08-29 11:02:29.055641',0,1,1,'127.0.0.1');
INSERT INTO "login_history_loginhistory" VALUES(99,'Mozilla/5.0 (Windows NT 10.0; Win64; x64) AppleWebKit/537.36 (KHTML, like Gecko) Chrome/111.0.0.0 Safari/537.36 OPR/97.0.0.0','2024-08-29 11:30:57.320755',0,1,1,'127.0.0.1');
INSERT INTO "login_history_loginhistory" VALUES(100,'Mozilla/5.0 (Windows NT 10.0; Win64; x64) AppleWebKit/537.36 (KHTML, like Gecko) Chrome/111.0.0.0 Safari/537.36 OPR/97.0.0.0','2024-08-29 11:50:13.194429',0,1,1,'127.0.0.1');
INSERT INTO "login_history_loginhistory" VALUES(101,'Mozilla/5.0 (Windows NT 10.0; Win64; x64) AppleWebKit/537.36 (KHTML, like Gecko) Chrome/111.0.0.0 Safari/537.36 OPR/97.0.0.0','2024-08-29 13:26:52.109834',0,1,1,'127.0.0.1');
INSERT INTO "login_history_loginhistory" VALUES(102,'Mozilla/5.0 (Windows NT 10.0; Win64; x64) AppleWebKit/537.36 (KHTML, like Gecko) Chrome/111.0.0.0 Safari/537.36 OPR/97.0.0.0','2024-08-29 13:28:24.815836',0,1,0,'127.0.0.1');
INSERT INTO "login_history_loginhistory" VALUES(103,'Mozilla/5.0 (Windows NT 10.0; Win64; x64) AppleWebKit/537.36 (KHTML, like Gecko) Chrome/111.0.0.0 Safari/537.36 OPR/97.0.0.0','2024-08-29 13:33:09.478120',0,1,1,'127.0.0.1');
INSERT INTO "login_history_loginhistory" VALUES(104,'Mozilla/5.0 (Windows NT 10.0; Win64; x64) AppleWebKit/537.36 (KHTML, like Gecko) Chrome/111.0.0.0 Safari/537.36 OPR/97.0.0.0','2024-08-29 14:00:48.823270',0,1,1,'127.0.0.1');
INSERT INTO "login_history_loginhistory" VALUES(105,'Mozilla/5.0 (Windows NT 10.0; Win64; x64) AppleWebKit/537.36 (KHTML, like Gecko) Chrome/111.0.0.0 Safari/537.36 OPR/97.0.0.0','2024-08-29 14:36:10.080836',0,1,1,'127.0.0.1');
INSERT INTO "login_history_loginhistory" VALUES(106,'Mozilla/5.0 (Windows NT 10.0; Win64; x64) AppleWebKit/537.36 (KHTML, like Gecko) Chrome/111.0.0.0 Safari/537.36 OPR/97.0.0.0','2024-08-29 16:48:03.883840',0,1,1,'127.0.0.1');
INSERT INTO "login_history_loginhistory" VALUES(107,'Mozilla/5.0 (Windows NT 10.0; Win64; x64) AppleWebKit/537.36 (KHTML, like Gecko) Chrome/111.0.0.0 Safari/537.36 OPR/97.0.0.0','2024-08-29 17:00:47.776278',0,1,1,'127.0.0.1');
INSERT INTO "login_history_loginhistory" VALUES(108,'Mozilla/5.0 (Windows NT 10.0; Win64; x64) AppleWebKit/537.36 (KHTML, like Gecko) Chrome/111.0.0.0 Safari/537.36 OPR/97.0.0.0','2024-08-29 18:06:24.597821',0,1,1,'127.0.0.1');
INSERT INTO "login_history_loginhistory" VALUES(109,'Mozilla/5.0 (Windows NT 10.0; Win64; x64) AppleWebKit/537.36 (KHTML, like Gecko) Chrome/111.0.0.0 Safari/537.36 OPR/97.0.0.0','2024-08-29 18:19:51.572497',0,1,1,'127.0.0.1');
INSERT INTO "login_history_loginhistory" VALUES(110,'Mozilla/5.0 (Windows NT 10.0; Win64; x64) AppleWebKit/537.36 (KHTML, like Gecko) Chrome/111.0.0.0 Safari/537.36 OPR/97.0.0.0','2024-08-29 18:35:16.080819',0,1,1,'127.0.0.1');
INSERT INTO "login_history_loginhistory" VALUES(111,'Mozilla/5.0 (Windows NT 10.0; Win64; x64) AppleWebKit/537.36 (KHTML, like Gecko) Chrome/111.0.0.0 Safari/537.36 OPR/97.0.0.0','2024-08-29 18:51:18.024488',0,1,1,'127.0.0.1');
INSERT INTO "login_history_loginhistory" VALUES(112,'Mozilla/5.0 (Windows NT 10.0; Win64; x64) AppleWebKit/537.36 (KHTML, like Gecko) Chrome/111.0.0.0 Safari/537.36 OPR/97.0.0.0','2024-08-29 18:52:03.835352',0,1,1,'127.0.0.1');
INSERT INTO "login_history_loginhistory" VALUES(113,'Mozilla/5.0 (Windows NT 10.0; Win64; x64) AppleWebKit/537.36 (KHTML, like Gecko) Chrome/111.0.0.0 Safari/537.36 OPR/97.0.0.0','2024-08-29 19:06:00.819568',0,1,1,'127.0.0.1');
INSERT INTO "login_history_loginhistory" VALUES(114,'Mozilla/5.0 (Windows NT 10.0; Win64; x64) AppleWebKit/537.36 (KHTML, like Gecko) Chrome/111.0.0.0 Safari/537.36 OPR/97.0.0.0','2024-08-29 19:32:52.709078',0,1,1,'127.0.0.1');
INSERT INTO "login_history_loginhistory" VALUES(115,'Mozilla/5.0 (Windows NT 10.0; Win64; x64) AppleWebKit/537.36 (KHTML, like Gecko) Chrome/111.0.0.0 Safari/537.36 OPR/97.0.0.0','2024-08-29 20:25:23.306759',0,1,1,'127.0.0.1');
INSERT INTO "login_history_loginhistory" VALUES(116,'Mozilla/5.0 (Windows NT 10.0; Win64; x64) AppleWebKit/537.36 (KHTML, like Gecko) Chrome/111.0.0.0 Safari/537.36 OPR/97.0.0.0','2024-08-29 20:47:03.927502',0,1,1,'127.0.0.1');
INSERT INTO "login_history_loginhistory" VALUES(117,'Mozilla/5.0 (Windows NT 10.0; Win64; x64) AppleWebKit/537.36 (KHTML, like Gecko) Chrome/111.0.0.0 Safari/537.36 OPR/97.0.0.0','2024-08-29 22:01:08.638999',0,1,1,'127.0.0.1');
INSERT INTO "login_history_loginhistory" VALUES(118,'Mozilla/5.0 (Windows NT 10.0; Win64; x64) AppleWebKit/537.36 (KHTML, like Gecko) Chrome/111.0.0.0 Safari/537.36 OPR/97.0.0.0','2024-08-29 22:21:34.740688',0,1,1,'127.0.0.1');
INSERT INTO "login_history_loginhistory" VALUES(119,'Mozilla/5.0 (Windows NT 10.0; Win64; x64) AppleWebKit/537.36 (KHTML, like Gecko) Chrome/111.0.0.0 Safari/537.36 OPR/97.0.0.0','2024-08-30 12:25:58.639866',0,1,1,'127.0.0.1');
INSERT INTO "login_history_loginhistory" VALUES(120,'Mozilla/5.0 (Windows NT 10.0; Win64; x64) AppleWebKit/537.36 (KHTML, like Gecko) Chrome/111.0.0.0 Safari/537.36 OPR/97.0.0.0','2024-08-30 12:28:40.843419',0,1,0,'127.0.0.1');
INSERT INTO "login_history_loginhistory" VALUES(121,'Mozilla/5.0 (Windows NT 10.0; Win64; x64) AppleWebKit/537.36 (KHTML, like Gecko) Chrome/111.0.0.0 Safari/537.36 OPR/97.0.0.0','2024-08-30 12:28:47.704397',0,1,1,'127.0.0.1');
INSERT INTO "login_history_loginhistory" VALUES(122,'Mozilla/5.0 (Windows NT 10.0; Win64; x64) AppleWebKit/537.36 (KHTML, like Gecko) Chrome/111.0.0.0 Safari/537.36 OPR/97.0.0.0','2024-08-30 12:28:51.828278',0,1,0,'127.0.0.1');
INSERT INTO "login_history_loginhistory" VALUES(123,'Mozilla/5.0 (Windows NT 10.0; Win64; x64) AppleWebKit/537.36 (KHTML, like Gecko) Chrome/111.0.0.0 Safari/537.36 OPR/97.0.0.0','2024-08-30 12:33:59.466945',0,1,1,'127.0.0.1');
INSERT INTO "login_history_loginhistory" VALUES(124,'Mozilla/5.0 (Windows NT 10.0; Win64; x64) AppleWebKit/537.36 (KHTML, like Gecko) Chrome/111.0.0.0 Safari/537.36 OPR/97.0.0.0','2024-08-30 17:15:27.677575',0,1,1,'127.0.0.1');
INSERT INTO "login_history_loginhistory" VALUES(125,'Mozilla/5.0 (Windows NT 10.0; Win64; x64) AppleWebKit/537.36 (KHTML, like Gecko) Chrome/111.0.0.0 Safari/537.36 OPR/97.0.0.0','2024-08-30 18:36:27.659593',0,1,1,'127.0.0.1');
INSERT INTO "login_history_loginhistory" VALUES(126,'Mozilla/5.0 (Windows NT 10.0; Win64; x64) AppleWebKit/537.36 (KHTML, like Gecko) Chrome/111.0.0.0 Safari/537.36 OPR/97.0.0.0','2024-08-30 18:49:51.106612',0,1,1,'127.0.0.1');
INSERT INTO "login_history_loginhistory" VALUES(127,'Mozilla/5.0 (Windows NT 10.0; Win64; x64) AppleWebKit/537.36 (KHTML, like Gecko) Chrome/111.0.0.0 Safari/537.36 OPR/97.0.0.0','2024-08-30 18:51:30.047180',0,1,0,'127.0.0.1');
INSERT INTO "login_history_loginhistory" VALUES(128,'Mozilla/5.0 (Windows NT 10.0; Win64; x64) AppleWebKit/537.36 (KHTML, like Gecko) Chrome/111.0.0.0 Safari/537.36 OPR/97.0.0.0','2024-08-30 18:51:37.308565',0,1,1,'127.0.0.1');
INSERT INTO "login_history_loginhistory" VALUES(129,'Mozilla/5.0 (Windows NT 10.0; Win64; x64) AppleWebKit/537.36 (KHTML, like Gecko) Chrome/111.0.0.0 Safari/537.36 OPR/97.0.0.0','2024-08-30 19:18:08.988211',0,1,1,'127.0.0.1');
INSERT INTO "login_history_loginhistory" VALUES(130,'Mozilla/5.0 (Windows NT 10.0; Win64; x64) AppleWebKit/537.36 (KHTML, like Gecko) Chrome/111.0.0.0 Safari/537.36 OPR/97.0.0.0','2024-08-30 19:23:32.192966',0,1,0,'127.0.0.1');
INSERT INTO "login_history_loginhistory" VALUES(131,'Mozilla/5.0 (Windows NT 10.0; Win64; x64) AppleWebKit/537.36 (KHTML, like Gecko) Chrome/111.0.0.0 Safari/537.36 OPR/97.0.0.0','2024-08-30 19:24:35.155270',0,1,1,'127.0.0.1');
INSERT INTO "login_history_loginhistory" VALUES(132,'Mozilla/5.0 (Windows NT 10.0; Win64; x64) AppleWebKit/537.36 (KHTML, like Gecko) Chrome/111.0.0.0 Safari/537.36 OPR/97.0.0.0','2024-08-30 19:26:13.700906',0,1,0,'127.0.0.1');
INSERT INTO "login_history_loginhistory" VALUES(133,'Mozilla/5.0 (Windows NT 10.0; Win64; x64) AppleWebKit/537.36 (KHTML, like Gecko) Chrome/111.0.0.0 Safari/537.36 OPR/97.0.0.0','2024-09-05 16:45:28.757551',0,1,1,'127.0.0.1');
INSERT INTO "login_history_loginhistory" VALUES(134,'Mozilla/5.0 (Windows NT 10.0; Win64; x64) AppleWebKit/537.36 (KHTML, like Gecko) Chrome/111.0.0.0 Safari/537.36 OPR/97.0.0.0','2024-09-05 16:59:19.687997',0,1,1,'127.0.0.1');
INSERT INTO "login_history_loginhistory" VALUES(135,'Mozilla/5.0 (Windows NT 10.0; Win64; x64) AppleWebKit/537.36 (KHTML, like Gecko) Chrome/111.0.0.0 Safari/537.36 OPR/97.0.0.0','2024-09-05 17:17:21.143637',0,1,1,'127.0.0.1');
INSERT INTO "login_history_loginhistory" VALUES(136,'Mozilla/5.0 (Windows NT 10.0; Win64; x64) AppleWebKit/537.36 (KHTML, like Gecko) Chrome/111.0.0.0 Safari/537.36 OPR/97.0.0.0','2024-09-05 17:28:22.972347',0,1,1,'127.0.0.1');
INSERT INTO "login_history_loginhistory" VALUES(137,'Mozilla/5.0 (Windows NT 10.0; Win64; x64) AppleWebKit/537.36 (KHTML, like Gecko) Chrome/111.0.0.0 Safari/537.36 OPR/97.0.0.0','2024-09-05 17:57:09.118486',0,1,1,'127.0.0.1');
INSERT INTO "login_history_loginhistory" VALUES(138,'Mozilla/5.0 (Windows NT 10.0; Win64; x64) AppleWebKit/537.36 (KHTML, like Gecko) Chrome/111.0.0.0 Safari/537.36 OPR/97.0.0.0','2024-09-05 18:17:30.746245',0,1,1,'127.0.0.1');
INSERT INTO "login_history_loginhistory" VALUES(139,'Mozilla/5.0 (Windows NT 10.0; Win64; x64) AppleWebKit/537.36 (KHTML, like Gecko) Chrome/111.0.0.0 Safari/537.36 OPR/97.0.0.0','2024-09-05 18:32:19.133319',0,1,1,'127.0.0.1');
INSERT INTO "login_history_loginhistory" VALUES(140,'Mozilla/5.0 (Windows NT 10.0; Win64; x64) AppleWebKit/537.36 (KHTML, like Gecko) Chrome/111.0.0.0 Safari/537.36 OPR/97.0.0.0','2024-09-05 19:11:33.650175',0,1,1,'127.0.0.1');
INSERT INTO "login_history_loginhistory" VALUES(141,'Mozilla/5.0 (Windows NT 10.0; Win64; x64) AppleWebKit/537.36 (KHTML, like Gecko) Chrome/111.0.0.0 Safari/537.36 OPR/97.0.0.0','2024-09-05 19:25:22.160982',0,1,1,'127.0.0.1');
INSERT INTO "login_history_loginhistory" VALUES(142,'Mozilla/5.0 (Windows NT 10.0; Win64; x64) AppleWebKit/537.36 (KHTML, like Gecko) Chrome/111.0.0.0 Safari/537.36 OPR/97.0.0.0','2024-09-05 19:40:46.689548',0,1,1,'127.0.0.1');
INSERT INTO "login_history_loginhistory" VALUES(143,'Mozilla/5.0 (Windows NT 10.0; Win64; x64) AppleWebKit/537.36 (KHTML, like Gecko) Chrome/111.0.0.0 Safari/537.36 OPR/97.0.0.0','2024-09-05 20:00:05.495725',0,1,1,'127.0.0.1');
INSERT INTO "login_history_loginhistory" VALUES(144,'Mozilla/5.0 (Windows NT 10.0; Win64; x64) AppleWebKit/537.36 (KHTML, like Gecko) Chrome/111.0.0.0 Safari/537.36 OPR/97.0.0.0','2024-09-05 20:00:27.898955',0,1,0,'127.0.0.1');
INSERT INTO "login_history_loginhistory" VALUES(145,'Mozilla/5.0 (Windows NT 10.0; Win64; x64) AppleWebKit/537.36 (KHTML, like Gecko) Chrome/111.0.0.0 Safari/537.36 OPR/97.0.0.0','2024-09-05 20:49:04.539379',0,1,1,'127.0.0.1');
INSERT INTO "login_history_loginhistory" VALUES(146,'Mozilla/5.0 (Windows NT 10.0; Win64; x64) AppleWebKit/537.36 (KHTML, like Gecko) Chrome/111.0.0.0 Safari/537.36 OPR/97.0.0.0','2024-09-05 21:32:09.899876',0,1,1,'127.0.0.1');
INSERT INTO "login_history_loginhistory" VALUES(147,'Mozilla/5.0 (Windows NT 10.0; Win64; x64) AppleWebKit/537.36 (KHTML, like Gecko) Chrome/111.0.0.0 Safari/537.36 OPR/97.0.0.0','2024-09-05 21:41:46.843823',0,1,1,'127.0.0.1');
INSERT INTO "login_history_loginhistory" VALUES(148,'Mozilla/5.0 (Windows NT 10.0; Win64; x64) AppleWebKit/537.36 (KHTML, like Gecko) Chrome/111.0.0.0 Safari/537.36 OPR/97.0.0.0','2024-09-05 21:57:40.698090',0,1,1,'127.0.0.1');
INSERT INTO "login_history_loginhistory" VALUES(149,'Mozilla/5.0 (Windows NT 10.0; Win64; x64) AppleWebKit/537.36 (KHTML, like Gecko) Chrome/111.0.0.0 Safari/537.36 OPR/97.0.0.0','2024-09-05 22:11:41.186818',0,1,1,'127.0.0.1');
INSERT INTO "login_history_loginhistory" VALUES(150,'Mozilla/5.0 (Windows NT 10.0; Win64; x64) AppleWebKit/537.36 (KHTML, like Gecko) Chrome/111.0.0.0 Safari/537.36 OPR/97.0.0.0','2024-09-05 22:40:38.687402',0,1,1,'127.0.0.1');
INSERT INTO "login_history_loginhistory" VALUES(151,'Mozilla/5.0 (Windows NT 10.0; Win64; x64) AppleWebKit/537.36 (KHTML, like Gecko) Chrome/111.0.0.0 Safari/537.36 OPR/97.0.0.0','2024-09-05 23:01:08.558590',0,1,1,'127.0.0.1');
INSERT INTO "login_history_loginhistory" VALUES(152,'Mozilla/5.0 (Windows NT 10.0; Win64; x64) AppleWebKit/537.36 (KHTML, like Gecko) Chrome/111.0.0.0 Safari/537.36 OPR/97.0.0.0','2024-09-05 23:19:36.239215',0,1,1,'127.0.0.1');
INSERT INTO "login_history_loginhistory" VALUES(153,'Mozilla/5.0 (Windows NT 10.0; Win64; x64) AppleWebKit/537.36 (KHTML, like Gecko) Chrome/111.0.0.0 Safari/537.36 OPR/97.0.0.0','2024-09-05 23:34:03.021745',0,1,1,'127.0.0.1');
INSERT INTO "login_history_loginhistory" VALUES(154,'Mozilla/5.0 (Windows NT 10.0; Win64; x64) AppleWebKit/537.36 (KHTML, like Gecko) Chrome/111.0.0.0 Safari/537.36 OPR/97.0.0.0','2024-09-05 23:48:06.859098',0,1,1,'127.0.0.1');
INSERT INTO "login_history_loginhistory" VALUES(155,'Mozilla/5.0 (Windows NT 10.0; Win64; x64) AppleWebKit/537.36 (KHTML, like Gecko) Chrome/111.0.0.0 Safari/537.36 OPR/97.0.0.0','2024-09-06 00:05:12.374802',0,1,1,'127.0.0.1');
INSERT INTO "login_history_loginhistory" VALUES(156,'Mozilla/5.0 (Windows NT 10.0; Win64; x64) AppleWebKit/537.36 (KHTML, like Gecko) Chrome/111.0.0.0 Safari/537.36 OPR/97.0.0.0','2024-09-06 00:22:16.091362',0,1,1,'127.0.0.1');
INSERT INTO "login_history_loginhistory" VALUES(157,'Mozilla/5.0 (Windows NT 10.0; Win64; x64) AppleWebKit/537.36 (KHTML, like Gecko) Chrome/111.0.0.0 Safari/537.36 OPR/97.0.0.0','2024-09-09 16:07:33.656746',0,1,1,'127.0.0.1');
INSERT INTO "login_history_loginhistory" VALUES(158,'Mozilla/5.0 (Windows NT 10.0; Win64; x64) AppleWebKit/537.36 (KHTML, like Gecko) Chrome/111.0.0.0 Safari/537.36 OPR/97.0.0.0','2024-09-09 20:11:08.975365',0,1,1,'127.0.0.1');
INSERT INTO "login_history_loginhistory" VALUES(159,'Mozilla/5.0 (Windows NT 10.0; Win64; x64) AppleWebKit/537.36 (KHTML, like Gecko) Chrome/111.0.0.0 Safari/537.36 OPR/97.0.0.0','2024-09-09 20:11:14.404546',0,1,0,'127.0.0.1');
INSERT INTO "login_history_loginhistory" VALUES(160,'Mozilla/5.0 (Windows NT 10.0; Win64; x64) AppleWebKit/537.36 (KHTML, like Gecko) Chrome/111.0.0.0 Safari/537.36 OPR/97.0.0.0','2024-09-09 21:37:51.382019',0,1,0,'127.0.0.1');
INSERT INTO "login_history_loginhistory" VALUES(161,'Mozilla/5.0 (Windows NT 10.0; Win64; x64) AppleWebKit/537.36 (KHTML, like Gecko) Chrome/111.0.0.0 Safari/537.36 OPR/97.0.0.0','2024-09-10 17:38:25.896230',0,1,1,'127.0.0.1');
INSERT INTO "login_history_loginhistory" VALUES(162,'Mozilla/5.0 (Windows NT 10.0; Win64; x64) AppleWebKit/537.36 (KHTML, like Gecko) Chrome/111.0.0.0 Safari/537.36 OPR/97.0.0.0','2024-09-12 20:00:02.510482',0,1,0,'127.0.0.1');
INSERT INTO "login_history_loginhistory" VALUES(163,'Mozilla/5.0 (Windows NT 10.0; Win64; x64) AppleWebKit/537.36 (KHTML, like Gecko) Chrome/111.0.0.0 Safari/537.36 OPR/97.0.0.0','2024-09-12 20:00:20.287114',0,1,1,'127.0.0.1');
INSERT INTO "login_history_loginhistory" VALUES(164,'Mozilla/5.0 (Windows NT 10.0; Win64; x64) AppleWebKit/537.36 (KHTML, like Gecko) Chrome/111.0.0.0 Safari/537.36 OPR/97.0.0.0','2024-09-15 21:14:43.343814',0,1,0,'127.0.0.1');
INSERT INTO "login_history_loginhistory" VALUES(165,'Mozilla/5.0 (Windows NT 10.0; Win64; x64) AppleWebKit/537.36 (KHTML, like Gecko) Chrome/111.0.0.0 Safari/537.36 OPR/97.0.0.0','2024-09-16 16:15:14.891570',0,1,1,'127.0.0.1');
INSERT INTO "login_history_loginhistory" VALUES(166,'Mozilla/5.0 (Windows NT 10.0; Win64; x64) AppleWebKit/537.36 (KHTML, like Gecko) Chrome/111.0.0.0 Safari/537.36 OPR/97.0.0.0','2024-09-16 20:23:37.332582',0,1,0,'127.0.0.1');
INSERT INTO "login_history_loginhistory" VALUES(167,'Mozilla/5.0 (Windows NT 10.0; Win64; x64) AppleWebKit/537.36 (KHTML, like Gecko) Chrome/111.0.0.0 Safari/537.36 OPR/97.0.0.0','2024-09-16 20:24:36.951905',0,1,1,'127.0.0.1');
INSERT INTO "login_history_loginhistory" VALUES(168,'Mozilla/5.0 (Windows NT 10.0; Win64; x64) AppleWebKit/537.36 (KHTML, like Gecko) Chrome/111.0.0.0 Safari/537.36 OPR/97.0.0.0','2024-09-16 20:36:32.654870',0,1,0,'127.0.0.1');
INSERT INTO "login_history_loginhistory" VALUES(169,'Mozilla/5.0 (Windows NT 10.0; Win64; x64) AppleWebKit/537.36 (KHTML, like Gecko) Chrome/111.0.0.0 Safari/537.36 OPR/97.0.0.0','2024-09-16 20:37:43.326083',0,1,1,'127.0.0.1');
INSERT INTO "login_history_loginhistory" VALUES(170,'Mozilla/5.0 (Windows NT 10.0; Win64; x64) AppleWebKit/537.36 (KHTML, like Gecko) Chrome/111.0.0.0 Safari/537.36 OPR/97.0.0.0','2024-09-16 20:46:31.627833',0,1,0,'127.0.0.1');
INSERT INTO "login_history_loginhistory" VALUES(171,'Mozilla/5.0 (Windows NT 10.0; Win64; x64) AppleWebKit/537.36 (KHTML, like Gecko) Chrome/111.0.0.0 Safari/537.36 OPR/97.0.0.0','2024-09-16 20:46:37.812176',0,2,1,'127.0.0.1');
INSERT INTO "login_history_loginhistory" VALUES(172,'Mozilla/5.0 (Windows NT 10.0; Win64; x64) AppleWebKit/537.36 (KHTML, like Gecko) Chrome/111.0.0.0 Safari/537.36 OPR/97.0.0.0','2024-09-16 22:17:48.613232',0,2,0,'127.0.0.1');
INSERT INTO "login_history_loginhistory" VALUES(173,'Mozilla/5.0 (Windows NT 10.0; Win64; x64) AppleWebKit/537.36 (KHTML, like Gecko) Chrome/111.0.0.0 Safari/537.36 OPR/97.0.0.0','2024-09-16 22:17:55.718293',0,2,1,'127.0.0.1');
INSERT INTO "login_history_loginhistory" VALUES(174,'Mozilla/5.0 (Windows NT 10.0; Win64; x64) AppleWebKit/537.36 (KHTML, like Gecko) Chrome/111.0.0.0 Safari/537.36 OPR/97.0.0.0','2024-09-16 22:18:07.865133',0,2,0,'127.0.0.1');
INSERT INTO "login_history_loginhistory" VALUES(175,'Mozilla/5.0 (Windows NT 10.0; Win64; x64) AppleWebKit/537.36 (KHTML, like Gecko) Chrome/111.0.0.0 Safari/537.36 OPR/97.0.0.0','2024-09-16 22:18:13.773780',0,1,1,'127.0.0.1');
INSERT INTO "login_history_loginhistory" VALUES(176,'Mozilla/5.0 (Windows NT 10.0; Win64; x64) AppleWebKit/537.36 (KHTML, like Gecko) Chrome/111.0.0.0 Safari/537.36 OPR/97.0.0.0','2024-09-18 19:35:37.023539',0,1,0,'127.0.0.1');
INSERT INTO "login_history_loginhistory" VALUES(177,'Mozilla/5.0 (Windows NT 10.0; Win64; x64) AppleWebKit/537.36 (KHTML, like Gecko) Chrome/111.0.0.0 Safari/537.36 OPR/97.0.0.0','2024-09-18 19:35:42.788400',0,2,1,'127.0.0.1');
INSERT INTO "login_history_loginhistory" VALUES(178,'Mozilla/5.0 (Windows NT 10.0; Win64; x64) AppleWebKit/537.36 (KHTML, like Gecko) Chrome/111.0.0.0 Safari/537.36 OPR/97.0.0.0','2024-09-18 19:42:53.358834',0,2,0,'127.0.0.1');
INSERT INTO "login_history_loginhistory" VALUES(179,'Mozilla/5.0 (Windows NT 10.0; Win64; x64) AppleWebKit/537.36 (KHTML, like Gecko) Chrome/111.0.0.0 Safari/537.36 OPR/97.0.0.0','2024-09-18 19:45:08.248154',0,2,1,'127.0.0.1');
INSERT INTO "login_history_loginhistory" VALUES(180,'Mozilla/5.0 (Windows NT 10.0; Win64; x64) AppleWebKit/537.36 (KHTML, like Gecko) Chrome/111.0.0.0 Safari/537.36 OPR/97.0.0.0','2024-09-18 19:45:12.887906',0,2,0,'127.0.0.1');
INSERT INTO "login_history_loginhistory" VALUES(181,'Mozilla/5.0 (Windows NT 10.0; Win64; x64) AppleWebKit/537.36 (KHTML, like Gecko) Chrome/111.0.0.0 Safari/537.36 OPR/97.0.0.0','2024-09-18 19:45:18.293675',0,1,1,'127.0.0.1');
INSERT INTO "login_history_loginhistory" VALUES(182,'Mozilla/5.0 (Windows NT 10.0; Win64; x64) AppleWebKit/537.36 (KHTML, like Gecko) Chrome/111.0.0.0 Safari/537.36 OPR/97.0.0.0','2024-09-18 20:02:54.447027',0,1,0,'127.0.0.1');
INSERT INTO "login_history_loginhistory" VALUES(183,'Mozilla/5.0 (Windows NT 10.0; Win64; x64) AppleWebKit/537.36 (KHTML, like Gecko) Chrome/111.0.0.0 Safari/537.36 OPR/97.0.0.0','2024-09-18 20:48:02.927057',0,1,1,'127.0.0.1');
INSERT INTO "login_history_loginhistory" VALUES(184,'Mozilla/5.0 (Windows NT 10.0; Win64; x64) AppleWebKit/537.36 (KHTML, like Gecko) Chrome/111.0.0.0 Safari/537.36 OPR/97.0.0.0','2024-09-18 20:49:27.724942',0,1,0,'127.0.0.1');
INSERT INTO "login_history_loginhistory" VALUES(185,'Mozilla/5.0 (Windows NT 10.0; Win64; x64) AppleWebKit/537.36 (KHTML, like Gecko) Chrome/111.0.0.0 Safari/537.36 OPR/97.0.0.0','2024-09-18 20:49:35.813037',0,2,1,'127.0.0.1');
INSERT INTO "login_history_loginhistory" VALUES(186,'Mozilla/5.0 (Windows NT 10.0; Win64; x64) AppleWebKit/537.36 (KHTML, like Gecko) Chrome/111.0.0.0 Safari/537.36 OPR/97.0.0.0','2024-09-18 20:52:22.781693',0,2,0,'127.0.0.1');
INSERT INTO "login_history_loginhistory" VALUES(187,'Mozilla/5.0 (Windows NT 10.0; Win64; x64) AppleWebKit/537.36 (KHTML, like Gecko) Chrome/111.0.0.0 Safari/537.36 OPR/97.0.0.0','2024-09-18 20:59:16.320694',0,1,1,'127.0.0.1');
INSERT INTO "login_history_loginhistory" VALUES(188,'Mozilla/5.0 (Windows NT 10.0; Win64; x64) AppleWebKit/537.36 (KHTML, like Gecko) Chrome/111.0.0.0 Safari/537.36 OPR/97.0.0.0','2024-09-20 13:14:48.016860',0,1,1,'78.11.214.184');
INSERT INTO "login_history_loginhistory" VALUES(189,'Mozilla/5.0 (Windows NT 10.0; Win64; x64) AppleWebKit/537.36 (KHTML, like Gecko) Chrome/111.0.0.0 Safari/537.36 OPR/97.0.0.0','2024-09-20 13:15:32.955994',0,1,0,'78.11.214.184');
INSERT INTO "login_history_loginhistory" VALUES(190,'Mozilla/5.0 (Windows NT 10.0; Win64; x64) AppleWebKit/537.36 (KHTML, like Gecko) Chrome/111.0.0.0 Safari/537.36 OPR/97.0.0.0','2024-09-20 13:32:16.794568',0,1,1,'78.11.214.184');
INSERT INTO "login_history_loginhistory" VALUES(191,'Mozilla/5.0 (Windows NT 10.0; Win64; x64) AppleWebKit/537.36 (KHTML, like Gecko) Chrome/111.0.0.0 Safari/537.36 OPR/97.0.0.0','2024-09-20 13:44:27.254152',0,1,1,'78.11.214.184');
INSERT INTO "login_history_loginhistory" VALUES(192,'Mozilla/5.0 (Windows NT 10.0; Win64; x64) AppleWebKit/537.36 (KHTML, like Gecko) Chrome/111.0.0.0 Safari/537.36 OPR/97.0.0.0','2024-09-20 13:44:35.848218',0,1,0,'78.11.214.184');
INSERT INTO "login_history_loginhistory" VALUES(193,'Mozilla/5.0 (Windows NT 10.0; Win64; x64) AppleWebKit/537.36 (KHTML, like Gecko) Chrome/111.0.0.0 Safari/537.36 OPR/97.0.0.0','2024-09-20 13:55:31.419628',0,1,1,'78.11.214.184');
INSERT INTO "login_history_loginhistory" VALUES(194,'Mozilla/5.0 (Windows NT 10.0; Win64; x64) AppleWebKit/537.36 (KHTML, like Gecko) Chrome/111.0.0.0 Safari/537.36 OPR/97.0.0.0','2024-09-20 15:46:50.805402',0,1,1,'78.11.214.184');
INSERT INTO "login_history_loginhistory" VALUES(195,'Mozilla/5.0 (Windows NT 10.0; Win64; x64) AppleWebKit/537.36 (KHTML, like Gecko) Chrome/111.0.0.0 Safari/537.36 OPR/97.0.0.0','2024-09-20 15:48:09.678105',0,4,1,'78.11.214.184');
INSERT INTO "login_history_loginhistory" VALUES(196,'Mozilla/5.0 (Windows NT 10.0; Win64; x64) AppleWebKit/537.36 (KHTML, like Gecko) Chrome/111.0.0.0 Safari/537.36 OPR/97.0.0.0','2024-09-20 15:50:19.592788',0,1,1,'78.11.214.184');
INSERT INTO "login_history_loginhistory" VALUES(197,'Mozilla/5.0 (Windows NT 10.0; Win64; x64) AppleWebKit/537.36 (KHTML, like Gecko) Chrome/111.0.0.0 Safari/537.36 OPR/97.0.0.0','2024-09-20 15:50:30.750026',0,1,0,'78.11.214.184');
INSERT INTO "login_history_loginhistory" VALUES(198,'Mozilla/5.0 (Windows NT 10.0; Win64; x64) AppleWebKit/537.36 (KHTML, like Gecko) Chrome/111.0.0.0 Safari/537.36 OPR/97.0.0.0','2024-09-20 15:50:41.829790',0,4,1,'78.11.214.184');
INSERT INTO "login_history_loginhistory" VALUES(199,'Mozilla/5.0 (Windows NT 10.0; Win64; x64) AppleWebKit/537.36 (KHTML, like Gecko) Chrome/111.0.0.0 Safari/537.36 OPR/97.0.0.0','2024-09-20 15:50:50.557536',0,4,0,'78.11.214.184');
INSERT INTO "login_history_loginhistory" VALUES(200,'Mozilla/5.0 (Windows NT 10.0; Win64; x64) AppleWebKit/537.36 (KHTML, like Gecko) Chrome/111.0.0.0 Safari/537.36 OPR/97.0.0.0','2024-09-20 15:51:00.412372',1,2,1,'78.11.214.184');
INSERT INTO "login_history_loginhistory" VALUES(201,'Mozilla/5.0 (Windows NT 10.0; Win64; x64) AppleWebKit/537.36 (KHTML, like Gecko) Chrome/111.0.0.0 Safari/537.36 OPR/97.0.0.0','2024-09-20 15:57:34.303120',0,4,1,'78.11.214.184');
INSERT INTO "login_history_loginhistory" VALUES(202,'Mozilla/5.0 (Windows NT 10.0; Win64; x64) AppleWebKit/537.36 (KHTML, like Gecko) Chrome/111.0.0.0 Safari/537.36 OPR/97.0.0.0','2024-09-20 16:02:49.010644',0,4,1,'78.11.214.184');
INSERT INTO "login_history_loginhistory" VALUES(203,'Mozilla/5.0 (Windows NT 10.0; Win64; x64) AppleWebKit/537.36 (KHTML, like Gecko) Chrome/111.0.0.0 Safari/537.36 OPR/97.0.0.0','2024-09-20 16:08:23.617275',0,4,1,'78.11.214.184');
INSERT INTO "login_history_loginhistory" VALUES(204,'Mozilla/5.0 (Windows NT 10.0; Win64; x64) AppleWebKit/537.36 (KHTML, like Gecko) Chrome/111.0.0.0 Safari/537.36 OPR/97.0.0.0','2024-09-20 16:14:55.972506',0,4,1,'78.11.214.184');
INSERT INTO "login_history_loginhistory" VALUES(205,'Mozilla/5.0 (Windows NT 10.0; Win64; x64) AppleWebKit/537.36 (KHTML, like Gecko) Chrome/111.0.0.0 Safari/537.36 OPR/97.0.0.0','2024-09-20 16:20:41.963767',0,4,1,'78.11.214.184');
INSERT INTO "login_history_loginhistory" VALUES(206,'Mozilla/5.0 (Windows NT 10.0; Win64; x64) AppleWebKit/537.36 (KHTML, like Gecko) Chrome/111.0.0.0 Safari/537.36 OPR/97.0.0.0','2024-09-20 16:26:38.423194',0,4,1,'78.11.214.184');
INSERT INTO "login_history_loginhistory" VALUES(207,'Mozilla/5.0 (Windows NT 10.0; Win64; x64) AppleWebKit/537.36 (KHTML, like Gecko) Chrome/111.0.0.0 Safari/537.36 OPR/97.0.0.0','2024-09-20 16:50:36.080484',0,4,1,'78.11.214.184');
INSERT INTO "login_history_loginhistory" VALUES(208,'Mozilla/5.0 (Windows NT 10.0; Win64; x64) AppleWebKit/537.36 (KHTML, like Gecko) Chrome/111.0.0.0 Safari/537.36 OPR/97.0.0.0','2024-09-20 16:52:46.580585',0,4,0,'78.11.214.184');
INSERT INTO "login_history_loginhistory" VALUES(209,'Mozilla/5.0 (Windows NT 10.0; Win64; x64) AppleWebKit/537.36 (KHTML, like Gecko) Chrome/111.0.0.0 Safari/537.36 OPR/97.0.0.0','2024-09-20 18:10:13.205610',0,4,1,'78.11.214.184');
INSERT INTO "login_history_loginhistory" VALUES(210,'Mozilla/5.0 (Windows NT 10.0; Win64; x64) AppleWebKit/537.36 (KHTML, like Gecko) Chrome/111.0.0.0 Safari/537.36 OPR/97.0.0.0','2024-09-20 18:11:02.976063',0,4,0,'78.11.214.184');
INSERT INTO "login_history_loginhistory" VALUES(211,'Mozilla/5.0 (Windows NT 10.0; Win64; x64) AppleWebKit/537.36 (KHTML, like Gecko) Chrome/111.0.0.0 Safari/537.36 OPR/97.0.0.0','2024-09-20 20:25:59.852330',0,1,1,'78.11.214.184');
INSERT INTO "login_history_loginhistory" VALUES(212,'Mozilla/5.0 (Linux; Android 10; K) AppleWebKit/537.36 (KHTML, like Gecko) Chrome/127.0.0.0 Mobile Safari/537.36','2024-09-20 22:04:17.067889',0,1,1,'31.0.94.238');
INSERT INTO "login_history_loginhistory" VALUES(213,'Mozilla/5.0 (Linux; Android 10; K) AppleWebKit/537.36 (KHTML, like Gecko) Chrome/127.0.0.0 Mobile Safari/537.36','2024-09-20 22:04:49.921339',0,1,0,'31.0.94.238');
INSERT INTO "login_history_loginhistory" VALUES(214,'Mozilla/5.0 (Windows NT 10.0; Win64; x64) AppleWebKit/537.36 (KHTML, like Gecko) Chrome/111.0.0.0 Safari/537.36 OPR/97.0.0.0','2024-09-21 16:45:27.532046',0,1,1,'78.11.214.184');
INSERT INTO "login_history_loginhistory" VALUES(215,'Mozilla/5.0 (Windows NT 10.0; Win64; x64) AppleWebKit/537.36 (KHTML, like Gecko) Chrome/111.0.0.0 Safari/537.36 OPR/97.0.0.0','2024-09-21 17:28:42.538875',0,1,0,'78.11.214.184');
INSERT INTO "login_history_loginhistory" VALUES(216,'Mozilla/5.0 (Windows NT 10.0; Win64; x64) AppleWebKit/537.36 (KHTML, like Gecko) Chrome/111.0.0.0 Safari/537.36 OPR/97.0.0.0','2024-09-21 18:50:31.916542',0,1,1,'127.0.0.1');
INSERT INTO "login_history_loginhistory" VALUES(217,'Mozilla/5.0 (Windows NT 10.0; Win64; x64) AppleWebKit/537.36 (KHTML, like Gecko) Chrome/111.0.0.0 Safari/537.36 OPR/97.0.0.0','2024-09-21 18:55:58.882696',0,1,0,'127.0.0.1');
INSERT INTO "login_history_loginhistory" VALUES(218,'Mozilla/5.0 (Windows NT 10.0; Win64; x64) AppleWebKit/537.36 (KHTML, like Gecko) Chrome/111.0.0.0 Safari/537.36 OPR/97.0.0.0','2024-09-22 13:00:19.880917',0,1,1,'127.0.0.1');
INSERT INTO "login_history_loginhistory" VALUES(219,'Mozilla/5.0 (Windows NT 10.0; Win64; x64) AppleWebKit/537.36 (KHTML, like Gecko) Chrome/111.0.0.0 Safari/537.36 OPR/97.0.0.0','2024-09-22 13:00:24.884564',0,1,0,'127.0.0.1');
INSERT INTO "login_history_loginhistory" VALUES(220,'Mozilla/5.0 (Windows NT 10.0; Win64; x64) AppleWebKit/537.36 (KHTML, like Gecko) Chrome/111.0.0.0 Safari/537.36 OPR/97.0.0.0','2024-09-22 19:14:03.528118',0,1,1,'127.0.0.1');
INSERT INTO "login_history_loginhistory" VALUES(221,'Mozilla/5.0 (Windows NT 10.0; Win64; x64) AppleWebKit/537.36 (KHTML, like Gecko) Chrome/111.0.0.0 Safari/537.36 OPR/97.0.0.0','2024-09-22 20:37:13.728344',0,1,0,'127.0.0.1');
INSERT INTO "login_history_loginhistory" VALUES(222,'Mozilla/5.0 (Windows NT 10.0; Win64; x64) AppleWebKit/537.36 (KHTML, like Gecko) Chrome/111.0.0.0 Safari/537.36 OPR/97.0.0.0','2024-09-22 20:39:58.559928',0,1,1,'127.0.0.1');
INSERT INTO "login_history_loginhistory" VALUES(223,'Mozilla/5.0 (Windows NT 10.0; Win64; x64) AppleWebKit/537.36 (KHTML, like Gecko) Chrome/111.0.0.0 Safari/537.36 OPR/97.0.0.0','2024-09-22 20:40:16.610450',0,1,0,'127.0.0.1');
INSERT INTO "login_history_loginhistory" VALUES(224,'Mozilla/5.0 (Windows NT 10.0; Win64; x64) AppleWebKit/537.36 (KHTML, like Gecko) Chrome/111.0.0.0 Safari/537.36 OPR/97.0.0.0','2024-09-23 12:01:32.029479',0,1,1,'127.0.0.1');
INSERT INTO "login_history_loginhistory" VALUES(225,'Mozilla/5.0 (Windows NT 10.0; Win64; x64) AppleWebKit/537.36 (KHTML, like Gecko) Chrome/111.0.0.0 Safari/537.36 OPR/97.0.0.0','2024-09-23 12:03:27.053472',0,1,0,'127.0.0.1');
INSERT INTO "login_history_loginhistory" VALUES(226,'Mozilla/5.0 (Windows NT 10.0; Win64; x64) AppleWebKit/537.36 (KHTML, like Gecko) Chrome/111.0.0.0 Safari/537.36 OPR/97.0.0.0','2024-09-23 15:29:23.949272',0,1,1,'127.0.0.1');
INSERT INTO "login_history_loginhistory" VALUES(227,'Mozilla/5.0 (Windows NT 10.0; Win64; x64) AppleWebKit/537.36 (KHTML, like Gecko) Chrome/111.0.0.0 Safari/537.36 OPR/97.0.0.0','2024-09-25 17:19:40.040469',0,1,1,'127.0.0.1');
INSERT INTO "login_history_loginhistory" VALUES(228,'Mozilla/5.0 (Windows NT 10.0; Win64; x64) AppleWebKit/537.36 (KHTML, like Gecko) Chrome/111.0.0.0 Safari/537.36 OPR/97.0.0.0','2024-09-25 18:24:40.276319',0,1,0,'127.0.0.1');
INSERT INTO "login_history_loginhistory" VALUES(229,'Mozilla/5.0 (Windows NT 10.0; Win64; x64) AppleWebKit/537.36 (KHTML, like Gecko) Chrome/111.0.0.0 Safari/537.36 OPR/97.0.0.0','2024-09-25 19:53:18.910699',0,1,1,'127.0.0.1');
INSERT INTO "login_history_loginhistory" VALUES(230,'Mozilla/5.0 (Windows NT 10.0; Win64; x64) AppleWebKit/537.36 (KHTML, like Gecko) Chrome/111.0.0.0 Safari/537.36 OPR/97.0.0.0','2024-09-25 19:55:04.547534',0,1,0,'127.0.0.1');
INSERT INTO "login_history_loginhistory" VALUES(231,'Mozilla/5.0 (Windows NT 10.0; Win64; x64) AppleWebKit/537.36 (KHTML, like Gecko) Chrome/111.0.0.0 Safari/537.36 OPR/97.0.0.0','2024-09-25 20:10:43.859587',0,1,1,'127.0.0.1');
INSERT INTO "login_history_loginhistory" VALUES(232,'Mozilla/5.0 (Windows NT 10.0; Win64; x64) AppleWebKit/537.36 (KHTML, like Gecko) Chrome/111.0.0.0 Safari/537.36 OPR/97.0.0.0','2024-09-25 21:28:15.208881',0,1,0,'127.0.0.1');
INSERT INTO "login_history_loginhistory" VALUES(233,'Mozilla/5.0 (Windows NT 10.0; Win64; x64) AppleWebKit/537.36 (KHTML, like Gecko) Chrome/111.0.0.0 Safari/537.36 OPR/97.0.0.0','2024-09-25 21:36:50.079472',0,1,1,'127.0.0.1');
INSERT INTO "login_history_loginhistory" VALUES(234,'Mozilla/5.0 (Windows NT 10.0; Win64; x64) AppleWebKit/537.36 (KHTML, like Gecko) Chrome/111.0.0.0 Safari/537.36 OPR/97.0.0.0','2024-09-25 21:38:30.838308',0,1,0,'127.0.0.1');
INSERT INTO "login_history_loginhistory" VALUES(235,'Mozilla/5.0 (Windows NT 10.0; Win64; x64) AppleWebKit/537.36 (KHTML, like Gecko) Chrome/111.0.0.0 Safari/537.36 OPR/97.0.0.0','2024-09-25 21:40:43.003797',1,1,1,'127.0.0.1');
INSERT INTO "login_history_loginhistory" VALUES(236,'Mozilla/5.0 (Windows NT 10.0; Win64; x64) AppleWebKit/537.36 (KHTML, like Gecko) Chrome/111.0.0.0 Safari/537.36 OPR/97.0.0.0','2024-09-25 23:24:41.501402',1,1,1,'127.0.0.1');
INSERT INTO "login_history_loginhistory" VALUES(237,'Mozilla/5.0 (Windows NT 10.0; Win64; x64) AppleWebKit/537.36 (KHTML, like Gecko) Chrome/111.0.0.0 Safari/537.36 OPR/97.0.0.0','2024-09-25 23:30:34.956175',1,1,1,'127.0.0.1');
INSERT INTO "login_history_loginhistory" VALUES(238,'Mozilla/5.0 (Windows NT 10.0; Win64; x64) AppleWebKit/537.36 (KHTML, like Gecko) Chrome/111.0.0.0 Safari/537.36 OPR/97.0.0.0','2024-09-25 23:43:08.252411',1,1,1,'127.0.0.1');
INSERT INTO "login_history_loginhistory" VALUES(239,'Mozilla/5.0 (Windows NT 10.0; Win64; x64) AppleWebKit/537.36 (KHTML, like Gecko) Chrome/111.0.0.0 Safari/537.36 OPR/97.0.0.0','2024-09-25 23:48:58.227994',1,1,1,'127.0.0.1');
INSERT INTO "login_history_loginhistory" VALUES(240,'Mozilla/5.0 (Windows NT 10.0; Win64; x64) AppleWebKit/537.36 (KHTML, like Gecko) Chrome/111.0.0.0 Safari/537.36 OPR/97.0.0.0','2024-09-26 00:42:55.254571',1,1,1,'127.0.0.1');
INSERT INTO "login_history_loginhistory" VALUES(241,'Mozilla/5.0 (Windows NT 10.0; Win64; x64) AppleWebKit/537.36 (KHTML, like Gecko) Chrome/111.0.0.0 Safari/537.36 OPR/97.0.0.0','2024-09-26 01:34:42.394947',1,1,1,'127.0.0.1');
INSERT INTO "login_history_loginhistory" VALUES(242,'Mozilla/5.0 (Windows NT 10.0; Win64; x64) AppleWebKit/537.36 (KHTML, like Gecko) Chrome/111.0.0.0 Safari/537.36 OPR/97.0.0.0','2024-09-29 18:48:05.643002',1,1,1,'127.0.0.1');
INSERT INTO "login_history_loginhistory" VALUES(243,'Mozilla/5.0 (Windows NT 10.0; Win64; x64) AppleWebKit/537.36 (KHTML, like Gecko) Chrome/111.0.0.0 Safari/537.36 OPR/97.0.0.0','2024-09-30 16:38:30.780823',1,1,1,'127.0.0.1');
CREATE UNIQUE INDEX "auth_group_permissions_group_id_permission_id_0cd325b0_uniq" ON "auth_group_permissions" ("group_id", "permission_id");
CREATE INDEX IF NOT EXISTS "auth_group_permissions_group_id_b120cbf9" ON "auth_group_permissions" ("group_id");
CREATE INDEX IF NOT EXISTS "auth_group_permissions_permission_id_84c5c92e" ON "auth_group_permissions" ("permission_id");
CREATE UNIQUE INDEX "auth_permission_content_type_id_codename_01ab375a_uniq" ON "auth_permission" ("content_type_id", "codename");
CREATE INDEX IF NOT EXISTS "auth_permission_content_type_id_2f476e4b" ON "auth_permission" ("content_type_id");
CREATE UNIQUE INDEX "auth_user_groups_user_id_group_id_94350c0c_uniq" ON "auth_user_groups" ("user_id", "group_id");
CREATE INDEX IF NOT EXISTS "auth_user_groups_user_id_6a12ed8b" ON "auth_user_groups" ("user_id");
CREATE INDEX IF NOT EXISTS "auth_user_groups_group_id_97559544" ON "auth_user_groups" ("group_id");
CREATE UNIQUE INDEX "auth_user_user_permissions_user_id_permission_id_14a6b632_uniq" ON "auth_user_user_permissions" ("user_id", "permission_id");
CREATE INDEX IF NOT EXISTS "auth_user_user_permissions_user_id_a95ead1b" ON "auth_user_user_permissions" ("user_id");
CREATE INDEX IF NOT EXISTS "auth_user_user_permissions_permission_id_1fbb5f2c" ON "auth_user_user_permissions" ("permission_id");
CREATE INDEX IF NOT EXISTS "django_admin_log_content_type_id_c4bce8eb" ON "django_admin_log" ("content_type_id");
CREATE INDEX IF NOT EXISTS "django_admin_log_user_id_c564eba6" ON "django_admin_log" ("user_id");
CREATE UNIQUE INDEX "django_content_type_app_label_model_76bd3d3b_uniq" ON "django_content_type" ("app_label", "model");
CREATE INDEX IF NOT EXISTS "django_session_expire_date_a5c62663" ON "django_session" ("expire_date");
CREATE INDEX IF NOT EXISTS "login_history_loginhistory_user_id_195fb57c" ON "login_history_loginhistory" ("user_id");
CREATE INDEX IF NOT EXISTS "django_apscheduler_djangojob_next_run_time_2f022619" ON "django_apscheduler_djangojob" ("next_run_time");
CREATE INDEX IF NOT EXISTS "django_apscheduler_djangojobexecution_run_time_16edd96b" ON "django_apscheduler_djangojobexecution" ("run_time");
CREATE INDEX IF NOT EXISTS "django_apscheduler_djangojobexecution_job_id_daf5090a" ON "django_apscheduler_djangojobexecution" ("job_id");
